eventID,deviceID,runtimeHour,warningHour,standbyHour,offlineHour,eventTime,deviceName,deviceBrand,deviceType,deviceFactory,deviceDN
1311422,91538,20.37362671,1.61646998,2.00990343,0,1/1/2019 00:01:00,塑料注射成型机,海天,MA2500Ⅱ/1000,东南电器,051900000000008A
1318359,91538,20.41505241,1.5748086,2.01013803,0,1/2/2019 00:01:00,塑料注射成型机,海天,MA2500Ⅱ/1000,东南电器,051900000000008A
1325296,91538,20.39445496,1.59557998,2.00996494,0,1/3/2019 00:01:00,塑料注射成型机,海天,MA2500Ⅱ/1000,东南电器,051900000000008A
1332233,91538,20.41511726,1.5955528,1.98933029,0,1/4/2019 00:01:00,塑料注射成型机,海天,MA2500Ⅱ/1000,东南电器,051900000000008A
1339170,91538,20.39181328,1.59565639,2.00992703,0,1/5/2019 00:01:00,塑料注射成型机,海天,MA2500Ⅱ/1000,东南电器,051900000000008A
1346107,91538,20.37389946,1.61610365,2.00999546,0,1/6/2019 00:01:00,塑料注射成型机,海天,MA2500Ⅱ/1000,东南电器,051900000000008A
1353044,91538,20.41534233,1.59553921,1.98911917,0,1/7/2019 00:01:00,塑料注射成型机,海天,MA2500Ⅱ/1000,东南电器,051900000000008A
1359981,91538,20.58110619,1.59554589,1.98930609,0,1/8/2019 00:01:00,塑料注射成型机,海天,MA2500Ⅱ/1000,东南电器,051900000000008A
1366918,91538,20.41421318,1.57509053,2.00988722,0,1/9/2019 00:01:00,塑料注射成型机,海天,MA2500Ⅱ/1000,东南电器,051900000000008A
1373855,91538,20.37379074,1.61611414,2.01009417,0,1/10/2019 00:01:00,塑料注射成型机,海天,MA2500Ⅱ/1000,东南电器,051900000000008A
1380792,91538,20.39455986,1.59554636,2.00989461,0,1/11/2019 00:01:00,塑料注射成型机,海天,MA2500Ⅱ/1000,东南电器,051900000000008A
1387761,91538,20.3944416,1.61624527,1.98931277,0,1/12/2019 00:01:00,塑料注射成型机,海天,MA2500Ⅱ/1000,东南电器,051900000000008A
1394730,91538,20.41513252,1.59553719,1.98932886,0,1/13/2019 00:01:00,塑料注射成型机,海天,MA2500Ⅱ/1000,东南电器,051900000000008A
1401699,91538,20.41231918,1.57486439,2.00989199,0,1/14/2019 00:01:00,塑料注射成型机,海天,MA2500Ⅱ/1000,东南电器,051900000000008A
1408668,91538,20.39465523,1.61612475,1.98922026,0,1/15/2019 00:01:00,塑料注射成型机,海天,MA2500Ⅱ/1000,东南电器,051900000000008A
1415637,91538,20.41501999,1.59578228,1.98919833,0,1/16/2019 00:01:00,塑料注射成型机,海天,MA2500Ⅱ/1000,东南电器,051900000000008A
1422606,91538,20.39430618,1.59556282,2.01012969,0,1/17/2019 00:01:00,塑料注射成型机,海天,MA2500Ⅱ/1000,东南电器,051900000000008A
1429575,91538,20.41522217,1.5747664,2.00991607,0,1/18/2019 00:01:00,塑料注射成型机,海天,MA2500Ⅱ/1000,东南电器,051900000000008A
1436544,91538,20.38991737,1.61624336,1.9893347,0,1/19/2019 00:01:03,塑料注射成型机,海天,MA2500Ⅱ/1000,东南电器,051900000000008A
1443513,91538,20.3747139,1.61634445,1.98919976,0.0197425,1/20/2019 00:01:02,塑料注射成型机,海天,MA2500Ⅱ/1000,东南电器,051900000000008A
1450482,91538,20.4151268,1.59556305,1.98930967,0,1/21/2019 00:01:03,塑料注射成型机,海天,MA2500Ⅱ/1000,东南电器,051900000000008A
1457451,91538,20.41530228,1.59547412,1.98922443,0,1/22/2019 00:01:03,塑料注射成型机,海天,MA2500Ⅱ/1000,东南电器,051900000000008A
1464420,91538,20.39279366,1.59558582,2.01001501,0,1/23/2019 00:01:03,塑料注射成型机,海天,MA2500Ⅱ/1000,东南电器,051900000000008A
1471389,91538,20.39420128,1.61646581,1.98933113,0,1/24/2019 00:01:03,塑料注射成型机,海天,MA2500Ⅱ/1000,东南电器,051900000000008A
1478358,91538,20.41536713,1.59531748,1.98931634,0,1/25/2019 00:01:03,塑料注射成型机,海天,MA2500Ⅱ/1000,东南电器,051900000000008A
1485327,91538,20.39442062,1.5955478,2.01003218,0,1/26/2019 00:01:03,塑料注射成型机,海天,MA2500Ⅱ/1000,东南电器,051900000000008A
1492296,91538,20.39444351,1.61634386,1.98921061,0,1/27/2019 00:01:03,塑料注射成型机,海天,MA2500Ⅱ/1000,东南电器,051900000000008A
1499265,91538,20.39134407,1.59556949,2.01001787,0,1/28/2019 00:01:04,塑料注射成型机,海天,MA2500Ⅱ/1000,东南电器,051900000000008A
1506234,91538,20.39462471,1.6161505,1.98922527,0,1/29/2019 00:01:05,塑料注射成型机,海天,MA2500Ⅱ/1000,东南电器,051900000000008A
1513203,91538,20.39437294,1.5955708,2.01005554,0,1/30/2019 00:01:03,塑料注射成型机,海天,MA2500Ⅱ/1000,东南电器,051900000000008A
1520172,91538,20.41496468,1.59580088,1.98923528,0,1/31/2019 00:01:03,塑料注射成型机,海天,MA2500Ⅱ/1000,东南电器,051900000000008A
1527141,91538,20.37261963,1.59625006,2.03113055,0,2/1/2019 00:01:03,塑料注射成型机,海天,MA2500Ⅱ/1000,东南电器,051900000000008A
1534110,91538,20.39558411,1.59555387,1.98911333,0.0197475,2/2/2019 00:01:02,塑料注射成型机,海天,MA2500Ⅱ/1000,东南电器,051900000000008A
1541079,91538,20.39410973,1.59544885,2.00989461,0,2/3/2019 00:01:03,塑料注射成型机,海天,MA2500Ⅱ/1000,东南电器,051900000000008A
1548045,91538,20.39442062,1.61636496,1.98921442,0,2/4/2019 00:01:03,塑料注射成型机,海天,MA2500Ⅱ/1000,东南电器,051900000000008A
1555011,91538,20.39469337,1.59545028,2.00985694,0,2/5/2019 00:01:02,塑料注射成型机,海天,MA2500Ⅱ/1000,东南电器,051900000000008A
1561977,91538,20.39464378,1.61614835,1.98920774,0,2/6/2019 00:01:02,塑料注射成型机,海天,MA2500Ⅱ/1000,东南电器,051900000000008A
1568943,91538,20.39138412,1.59544694,2.00976038,0,2/7/2019 00:01:03,塑料注射成型机,海天,MA2500Ⅱ/1000,东南电器,051900000000008A
1575909,91538,20.39489746,1.59510922,2.00999308,0,2/8/2019 00:01:02,塑料注射成型机,海天,MA2500Ⅱ/1000,东南电器,051900000000008A
1582875,91538,20.39486694,1.5953511,2.00978136,0,2/9/2019 00:01:03,塑料注射成型机,海天,MA2500Ⅱ/1000,东南电器,051900000000008A
1589841,91538,20.41459465,1.5953269,1.98912144,0,2/10/2019 00:01:02,塑料注射成型机,海天,MA2500Ⅱ/1000,东南电器,051900000000008A
1596807,91538,20.37407303,1.61613357,2.00979233,0,2/11/2019 00:01:02,塑料注射成型机,海天,MA2500Ⅱ/1000,东南电器,051900000000008A
1603773,91538,20.41547966,1.59545135,1.9890697,0,2/12/2019 00:01:02,塑料注射成型机,海天,MA2500Ⅱ/1000,东南电器,051900000000008A
1610739,91538,20.39458084,1.59565282,2.00976753,0,2/13/2019 00:01:02,塑料注射成型机,海天,MA2500Ⅱ/1000,东南电器,051900000000008A
1617705,91538,20.41102028,1.5954411,1.98929942,0,2/14/2019 00:01:04,塑料注射成型机,海天,MA2500Ⅱ/1000,东南电器,051900000000008A
1624670,91538,20.37394524,1.61626995,2.00978565,0,2/15/2019 00:01:04,塑料注射成型机,海天,MA2500Ⅱ/1000,东南电器,051900000000008A
1631635,91538,20.39463043,1.59547496,2.00989366,0,2/16/2019 00:01:04,塑料注射成型机,海天,MA2500Ⅱ/1000,东南电器,051900000000008A
1638600,91538,20.22835541,1.59569001,1.98920417,0.18557778,2/17/2019 00:01:04,塑料注射成型机,海天,MA2500Ⅱ/1000,东南电器,051900000000008A
1645565,91538,20.18823624,1.61615443,2.01001978,0.18558916,2/18/2019 00:01:05,塑料注射成型机,海天,MA2500Ⅱ/1000,东南电器,051900000000008A
1652530,91538,20.35525703,1.53328943,1.90621912,0.20523472,2/19/2019 00:01:04,塑料注射成型机,海天,MA2500Ⅱ/1000,东南电器,051900000000008A
1659495,91538,20.37498474,1.59535301,2.00991011,0.01975278,2/20/2019 00:02:02,塑料注射成型机,海天,MA2500Ⅱ/1000,东南电器,051900000000008A
1666460,91538,1.8063072,0.06217889,0.08286167,22,2/21/2019 00:01:05,塑料注射成型机,海天,MA2500Ⅱ/1000,东南电器,051900000000008A
1673425,91538,0,0,0,23.95134735,2/22/2019 00:01:04,塑料注射成型机,海天,MA2500Ⅱ/1000,东南电器,051900000000008A
1680390,91538,9.72800446,0.78725696,1.01538217,12.46935654,2/23/2019 00:01:07,塑料注射成型机,海天,MA2500Ⅱ/1000,东南电器,051900000000008A
1687355,91538,19.19407082,1.53324866,1.92688751,1.34579337,2/24/2019 00:01:03,塑料注射成型机,海天,MA2500Ⅱ/1000,东南电器,051900000000008A
1694320,91538,20.39208603,1.59530079,2.00985146,0,2/25/2019 00:01:00,塑料注射成型机,海天,MA2500Ⅱ/1000,东南电器,051900000000008A
1701285,91538,20.35424805,1.6161356,2.0097537,0.01986167,2/26/2019 00:01:04,塑料注射成型机,海天,MA2500Ⅱ/1000,东南电器,051900000000008A
1708249,91538,17.59492874,1.30524337,1.65888,3.5436573,2/27/2019 00:01:00,塑料注射成型机,海天,MA2500Ⅱ/1000,东南电器,051900000000008A
1715213,91538,0,0,0,23.93604279,2/28/2019 00:01:00,塑料注射成型机,海天,MA2500Ⅱ/1000,东南电器,051900000000008A
,,,,,,,,,,,
,,,,,,,,,,,
1311423,91539,20.37362671,1.61646998,2.00990343,0,1/1/2019 00:01:00,塑料注射成型机1,海天,MA900/260,东南电器,051900000000008B
1318360,91539,20.41505241,1.57480884,2.01013803,0,1/2/2019 00:01:00,塑料注射成型机1,海天,MA900/260,东南电器,051900000000008B
1325297,91539,20.39445496,1.59557998,2.0099647,0,1/3/2019 00:01:00,塑料注射成型机1,海天,MA900/260,东南电器,051900000000008B
1332234,91539,20.41511726,1.5955528,1.98933029,0,1/4/2019 00:01:00,塑料注射成型机1,海天,MA900/260,东南电器,051900000000008B
1339171,91539,20.39181328,1.59565639,2.00992703,0,1/5/2019 00:01:00,塑料注射成型机1,海天,MA900/260,东南电器,051900000000008B
1346108,91539,20.37389946,1.61610365,2.00999594,0,1/6/2019 00:01:00,塑料注射成型机1,海天,MA900/260,东南电器,051900000000008B
1353045,91539,20.41534233,1.59553969,1.98911917,0,1/7/2019 00:01:00,塑料注射成型机1,海天,MA900/260,东南电器,051900000000008B
1359982,91539,20.58110619,1.59554589,1.98930609,0,1/8/2019 00:01:00,塑料注射成型机1,海天,MA900/260,东南电器,051900000000008B
1366919,91539,20.41421318,1.57509089,2.00988698,0,1/9/2019 00:01:00,塑料注射成型机1,海天,MA900/260,东南电器,051900000000008B
1373856,91539,20.37379074,1.61611366,2.01009464,0,1/10/2019 00:01:00,塑料注射成型机1,海天,MA900/260,东南电器,051900000000008B
1380793,91539,20.39455986,1.59554636,2.00989461,0,1/11/2019 00:01:00,塑料注射成型机1,海天,MA900/260,东南电器,051900000000008B
1387762,91539,20.3944416,1.61624527,1.98931301,0,1/12/2019 00:01:00,塑料注射成型机1,海天,MA900/260,东南电器,051900000000008B
1394731,91539,20.41513252,1.59553719,1.98932886,0,1/13/2019 00:01:00,塑料注射成型机1,海天,MA900/260,东南电器,051900000000008B
1401700,91539,20.41231918,1.57486439,2.00989175,0,1/14/2019 00:01:00,塑料注射成型机1,海天,MA900/260,东南电器,051900000000008B
1408669,91539,20.39465523,1.61612475,1.98922002,0,1/15/2019 00:01:00,塑料注射成型机1,海天,MA900/260,东南电器,051900000000008B
1415638,91539,20.39433098,1.59578228,2.00988722,0,1/16/2019 00:01:00,塑料注射成型机1,海天,MA900/260,东南电器,051900000000008B
1422607,91539,20.39430618,1.59556139,2.01013112,0,1/17/2019 00:01:00,塑料注射成型机1,海天,MA900/260,东南电器,051900000000008B
1429576,91539,20.41522217,1.5747664,2.00991583,0,1/18/2019 00:01:00,塑料注射成型机1,海天,MA900/260,东南电器,051900000000008B
1436545,91539,20.38991737,1.616243,1.98933494,0,1/19/2019 00:01:03,塑料注射成型机1,海天,MA900/260,东南电器,051900000000008B
1443514,91539,20.3747139,1.61634445,1.98919976,0.0197425,1/20/2019 00:01:03,塑料注射成型机1,海天,MA900/260,东南电器,051900000000008B
1450483,91539,20.4151268,1.59556305,1.98930943,0,1/21/2019 00:01:03,塑料注射成型机1,海天,MA900/260,东南电器,051900000000008B
1457452,91539,20.41530228,1.59547412,1.98922443,0,1/22/2019 00:01:03,塑料注射成型机1,海天,MA900/260,东南电器,051900000000008B
1464421,91539,20.39279366,1.59558606,2.01001477,0,1/23/2019 00:01:03,塑料注射成型机1,海天,MA900/260,东南电器,051900000000008B
1471390,91539,20.39420509,1.61646581,1.98933089,0,1/24/2019 00:01:03,塑料注射成型机1,海天,MA900/260,东南电器,051900000000008B
1478359,91539,20.41536713,1.59531724,1.98931634,0,1/25/2019 00:01:03,塑料注射成型机1,海天,MA900/260,东南电器,051900000000008B
1485328,91539,20.39442062,1.59554756,2.01003242,0,1/26/2019 00:01:03,塑料注射成型机1,海天,MA900/260,东南电器,051900000000008B
1492297,91539,20.39444351,1.61634445,1.98921025,0,1/27/2019 00:01:03,塑料注射成型机1,海天,MA900/260,东南电器,051900000000008B
1499266,91539,20.39134598,1.59556913,2.01001787,0,1/28/2019 00:01:04,塑料注射成型机1,海天,MA900/260,东南电器,051900000000008B
1506235,91539,20.39462471,1.6161505,1.98922527,0,1/29/2019 00:01:05,塑料注射成型机1,海天,MA900/260,东南电器,051900000000008B
1513204,91539,20.39437294,1.59557056,2.01005578,0,1/30/2019 00:01:03,塑料注射成型机1,海天,MA900/260,东南电器,051900000000008B
1520173,91539,20.41496468,1.59580112,1.98923504,0,1/31/2019 00:01:03,塑料注射成型机1,海天,MA900/260,东南电器,051900000000008B
1527142,91539,20.37261963,1.61724532,2.01013517,0,2/1/2019 00:01:03,塑料注射成型机1,海天,MA900/260,东南电器,051900000000008B
1534111,91539,20.39558601,1.59555364,1.98911333,0.0197475,2/2/2019 00:01:02,塑料注射成型机1,海天,MA900/260,东南电器,051900000000008B
1541080,91539,20.39410973,1.59544885,2.00989437,0,2/3/2019 00:01:03,塑料注射成型机1,海天,MA900/260,东南电器,051900000000008B
1548046,91539,20.39442062,1.61636496,1.98921442,0,2/4/2019 00:01:03,塑料注射成型机1,海天,MA900/260,东南电器,051900000000008B
1555012,91539,20.39469337,1.59545028,2.00985718,0,2/5/2019 00:01:02,塑料注射成型机1,海天,MA900/260,东南电器,051900000000008B
1561978,91539,20.39464378,1.61614835,1.98920774,0,2/6/2019 00:01:02,塑料注射成型机1,海天,MA900/260,东南电器,051900000000008B
1568944,91539,20.39138603,1.59544694,2.0097599,0,2/7/2019 00:01:03,塑料注射成型机1,海天,MA900/260,东南电器,051900000000008B
1575910,91539,20.39489746,1.59510922,2.00999308,0,2/8/2019 00:01:02,塑料注射成型机1,海天,MA900/260,东南电器,051900000000008B
1582876,91539,20.39486694,1.5953505,2.00978184,0,2/9/2019 00:01:03,塑料注射成型机1,海天,MA900/260,东南电器,051900000000008B
1589842,91539,20.41459465,1.5953269,1.98912144,0,2/10/2019 00:01:02,塑料注射成型机1,海天,MA900/260,东南电器,051900000000008B
1596808,91539,20.37407303,1.61613357,2.00979233,0,2/11/2019 00:01:02,塑料注射成型机1,海天,MA900/260,东南电器,051900000000008B
1603774,91539,20.41547966,1.59545135,1.9890697,0,2/12/2019 00:01:02,塑料注射成型机1,海天,MA900/260,东南电器,051900000000008B
1610740,91539,20.39458084,1.59565282,2.00976753,0,2/13/2019 00:01:02,塑料注射成型机1,海天,MA900/260,东南电器,051900000000008B
1617706,91539,20.41102028,1.59544086,1.98929918,0,2/14/2019 00:01:04,塑料注射成型机1,海天,MA900/260,东南电器,051900000000008B
1624671,91539,20.37394524,1.61626995,2.00978565,0,2/15/2019 00:01:04,塑料注射成型机1,海天,MA900/260,东南电器,051900000000008B
1631636,91539,20.39463043,1.59547496,2.00989342,0,2/16/2019 00:01:04,塑料注射成型机1,海天,MA900/260,东南电器,051900000000008B
1638601,91539,20.22835541,1.59568977,1.98920441,0.18557778,2/17/2019 00:01:04,塑料注射成型机1,海天,MA900/260,东南电器,051900000000008B
1645566,91539,20.18823624,1.61615467,2.01001954,0.18558916,2/18/2019 00:01:05,塑料注射成型机1,海天,MA900/260,东南电器,051900000000008B
1652531,91539,20.35525703,1.53328943,1.90621889,0.20523472,2/19/2019 00:01:04,塑料注射成型机1,海天,MA900/260,东南电器,051900000000008B
1659496,91539,20.37498474,1.59535336,2.00990963,0.01975278,2/20/2019 00:02:02,塑料注射成型机1,海天,MA900/260,东南电器,051900000000008B
1666461,91539,1.8063072,0.06217889,0.08286167,22,2/21/2019 00:01:05,塑料注射成型机1,海天,MA900/260,东南电器,051900000000008B
1673426,91539,0,0,0,23.95134735,2/22/2019 00:01:04,塑料注射成型机1,海天,MA900/260,东南电器,051900000000008B
1680391,91539,9.72800446,0.78725696,1.01538217,12.46935654,2/23/2019 00:01:07,塑料注射成型机1,海天,MA900/260,东南电器,051900000000008B
1687356,91539,19.19406891,1.5332495,1.92688751,1.34579337,2/24/2019 00:01:03,塑料注射成型机1,海天,MA900/260,东南电器,051900000000008B
1694321,91539,20.39208603,1.59530079,2.00985146,0,2/25/2019 00:01:00,塑料注射成型机1,海天,MA900/260,东南电器,051900000000008B
1701286,91539,20.35424805,1.6161356,2.0097537,0.01986167,2/26/2019 00:01:04,塑料注射成型机1,海天,MA900/260,东南电器,051900000000008B
1708250,91539,20.39046669,1.55373836,2.0112803,0.21118084,2/27/2019 00:01:00,塑料注射成型机1,海天,MA900/260,东南电器,051900000000008B
1715214,91539,20.3928318,1.59575832,1.98920166,0.01976083,2/28/2019 00:01:00,塑料注射成型机1,海天,MA900/260,东南电器,051900000000008B
,,,,,,,,,,,
,,,,,,,,,,,
1311418,91541,20.37351608,1.61646974,2.01001501,0,1/1/2019 00:01:00,塑料注射成型机3,海天,VE1200Ⅱ,东南电器,051900000000008F
1318355,91541,20.41527557,1.57469749,2.01002669,0,1/2/2019 00:01:00,塑料注射成型机3,海天,VE1200Ⅱ,东南电器,051900000000008F
1325292,91541,20.39434433,1.61627138,1.98938441,0,1/3/2019 00:01:00,塑料注射成型机3,海天,VE1200Ⅱ,东南电器,051900000000008F
1332229,91541,20.41511536,1.59566534,1.98921919,0,1/4/2019 00:01:00,塑料注射成型机3,海天,VE1200Ⅱ,东南电器,051900000000008F
1339166,91541,20.39181328,1.59554553,2.01003814,0,1/5/2019 00:01:00,塑料注射成型机3,海天,VE1200Ⅱ,东南电器,051900000000008F
1346103,91541,20.37401199,1.61610389,2.00988483,0,1/6/2019 00:01:00,塑料注射成型机3,海天,VE1200Ⅱ,东南电器,051900000000008F
1353040,91541,20.4152317,1.59553945,1.98923051,0,1/7/2019 00:01:00,塑料注射成型机3,海天,VE1200Ⅱ,东南电器,051900000000008F
1359977,91541,20.58088303,1.59576941,1.98919499,0,1/8/2019 00:01:00,塑料注射成型机3,海天,VE1200Ⅱ,东南电器,051900000000008F
1366914,91541,20.41432381,1.57475722,2.01010942,0,1/9/2019 00:01:00,塑料注射成型机3,海天,VE1200Ⅱ,东南电器,051900000000008F
1373851,91541,20.3740139,1.61611366,2.00987244,0,1/10/2019 00:01:00,塑料注射成型机3,海天,VE1200Ⅱ,东南电器,051900000000008F
1380788,91541,20.39444923,1.59554636,2.01000595,0,1/11/2019 00:01:00,塑料注射成型机3,海天,VE1200Ⅱ,东南电器,051900000000008F
1387757,91541,20.3944416,1.61635697,1.98920143,0,1/12/2019 00:01:00,塑料注射成型机3,海天,VE1200Ⅱ,东南电器,051900000000008F
1394726,91541,20.41513252,1.59553754,1.98932803,0,1/13/2019 00:01:00,塑料注射成型机3,海天,VE1200Ⅱ,东南电器,051900000000008F
1401695,91541,20.41243172,1.5746417,2.01000285,0,1/14/2019 00:01:00,塑料注射成型机3,海天,VE1200Ⅱ,东南电器,051900000000008F
1408664,91541,20.39443398,1.6164583,1.98910832,0,1/15/2019 00:01:00,塑料注射成型机3,海天,VE1200Ⅱ,东南电器,051900000000008F
1415633,91541,20.39433098,1.59555888,2.01011062,0,1/16/2019 00:01:00,塑料注射成型机3,海天,VE1200Ⅱ,东南电器,051900000000008F
1422602,91541,20.39452934,1.59556139,2.00990915,0,1/17/2019 00:01:00,塑料注射成型机3,海天,VE1200Ⅱ,东南电器,051900000000008F
1429571,91541,20.41511154,1.5747664,2.01002717,0,1/18/2019 00:01:00,塑料注射成型机3,海天,VE1200Ⅱ,东南电器,051900000000008F
1436540,91541,20.38991737,1.61635447,1.98922384,0,1/19/2019 00:01:02,塑料注射成型机3,海天,VE1200Ⅱ,东南电器,051900000000008F
1443509,91541,20.37460136,1.61623251,1.9893117,0.01985361,1/20/2019 00:01:02,塑料注射成型机3,海天,VE1200Ⅱ,东南电器,051900000000008F
1450478,91541,20.41523743,1.59556305,1.98919833,0,1/21/2019 00:01:03,塑料注射成型机3,海天,VE1200Ⅱ,东南电器,051900000000008F
1457447,91541,20.41530228,1.59547472,1.9892242,0,1/22/2019 00:01:03,塑料注射成型机3,海天,VE1200Ⅱ,东南电器,051900000000008F
1464416,91541,20.39268303,1.59580863,2.00990343,0,1/23/2019 00:01:03,塑料注射成型机3,海天,VE1200Ⅱ,东南电器,051900000000008F
1471385,91541,20.39442635,1.6161325,1.98944116,0,1/24/2019 00:01:03,塑料注射成型机3,海天,VE1200Ⅱ,东南电器,051900000000008F
1478354,91541,20.41536713,1.59553969,1.9890933,0,1/25/2019 00:01:03,塑料注射成型机3,海天,VE1200Ⅱ,东南电器,051900000000008F
1485323,91541,20.39442062,1.59554803,2.01003218,0,1/26/2019 00:01:03,塑料注射成型机3,海天,VE1200Ⅱ,东南电器,051900000000008F
1492292,91541,20.39444351,1.61623335,1.98932135,0,1/27/2019 00:01:03,塑料注射成型机3,海天,VE1200Ⅱ,东南电器,051900000000008F
1499261,91541,20.39145851,1.59567976,2.00990701,0,1/28/2019 00:01:04,塑料注射成型机3,海天,VE1200Ⅱ,东南电器,051900000000008F
1506230,91541,20.39462471,1.61615026,1.98922586,0,1/29/2019 00:01:05,塑料注射成型机3,海天,VE1200Ⅱ,东南电器,051900000000008F
1513199,91541,20.39426231,1.59579337,2.00994468,0,1/30/2019 00:01:03,塑料注射成型机3,海天,VE1200Ⅱ,东南电器,051900000000008F
1520168,91541,20.4150753,1.59546721,1.98945773,0,1/31/2019 00:01:03,塑料注射成型机3,海天,VE1200Ⅱ,东南电器,051900000000008F
1527137,91541,20.37284279,1.61735666,2.00980139,0,2/1/2019 00:01:03,塑料注射成型机3,海天,VE1200Ⅱ,东南电器,051900000000008F
1534106,91541,20.39547539,1.59544218,1.98922467,0.01985861,2/2/2019 00:01:02,塑料注射成型机3,海天,VE1200Ⅱ,东南电器,051900000000008F
1541075,91541,20.39399719,1.59567142,2.00978303,0,2/3/2019 00:01:03,塑料注射成型机3,海天,VE1200Ⅱ,东南电器,051900000000008F
1548041,91541,20.39464188,1.61603165,1.98932552,0,2/4/2019 00:01:03,塑料注射成型机3,海天,VE1200Ⅱ,东南电器,051900000000008F
1555007,91541,20.394804,1.59544969,2.00974607,0,2/5/2019 00:01:02,塑料注射成型机3,海天,VE1200Ⅱ,东南电器,051900000000008F
1561973,91541,20.39475632,1.61603689,1.98920774,0,2/6/2019 00:01:02,塑料注射成型机3,海天,VE1200Ⅱ,东南电器,051900000000008F
1568939,91541,20.39149857,1.5952239,2.00987172,0,2/7/2019 00:01:03,塑料注射成型机3,海天,VE1200Ⅱ,东南电器,051900000000008F
1575905,91541,20.39478683,1.59544218,2.00977111,0,2/8/2019 00:01:02,塑料注射成型机3,海天,VE1200Ⅱ,东南电器,051900000000008F
1582871,91541,20.39475632,1.59535086,2.0098927,0,2/9/2019 00:01:03,塑料注射成型机3,海天,VE1200Ⅱ,东南电器,051900000000008F
1589837,91541,20.41459465,1.59554994,1.98901057,0,2/10/2019 00:01:02,塑料注射成型机3,海天,VE1200Ⅱ,东南电器,051900000000008F
1596803,91541,20.3739624,1.61613357,2.00990343,0,2/11/2019 00:01:02,塑料注射成型机3,海天,VE1200Ⅱ,东南电器,051900000000008F
1603769,91541,20.4152565,1.59567332,1.9890703,0,2/12/2019 00:01:02,塑料注射成型机3,海天,VE1200Ⅱ,东南电器,051900000000008F
1610735,91541,20.39458084,1.59543109,2.0099895,0,2/13/2019 00:01:02,塑料注射成型机3,海天,VE1200Ⅱ,东南电器,051900000000008F
1617701,91541,20.41113281,1.59555161,1.98907638,0,2/14/2019 00:01:04,塑料注射成型机3,海天,VE1200Ⅱ,东南电器,051900000000008F
1624666,91541,20.37394524,1.61615884,2.00989699,0,2/15/2019 00:01:04,塑料注射成型机3,海天,VE1200Ⅱ,东南电器,051900000000008F
1631631,91541,20.39451981,1.59569776,2.00978136,0,2/16/2019 00:01:04,塑料注射成型机3,海天,VE1200Ⅱ,东南电器,051900000000008F
1638596,91541,20.22846603,1.59535635,1.98942697,0.18557778,2/17/2019 00:01:04,塑料注射成型机3,海天,VE1200Ⅱ,东南电器,051900000000008F
1645561,91541,20.1884594,1.61615419,2.00979686,0.18558916,2/18/2019 00:01:05,塑料注射成型机3,海天,VE1200Ⅱ,东南电器,051900000000008F
1652526,91541,20.35514641,1.53306746,1.90632975,0.20545723,2/19/2019 00:01:04,塑料注射成型机3,海天,VE1200Ⅱ,东南电器,051900000000008F
1659491,91541,20.37509537,1.59535301,2.00979924,0.01975278,2/20/2019 00:02:02,塑料注射成型机3,海天,VE1200Ⅱ,东南电器,051900000000008F
1666456,91541,1.8064183,0.06206778,0.08297278,22,2/21/2019 00:01:05,塑料注射成型机3,海天,VE1200Ⅱ,东南电器,051900000000008F
1673421,91541,0,0,0,23.95145798,2/22/2019 00:01:04,塑料注射成型机3,海天,VE1200Ⅱ,东南电器,051900000000008F
1680386,91541,9.72811413,0.78725749,1.01527107,12.46935654,2/23/2019 00:01:07,塑料注射成型机3,海天,VE1200Ⅱ,东南电器,051900000000008F
1687351,91541,19.19418144,1.53302753,1.92699802,1.34579337,2/24/2019 00:01:03,塑料注射成型机3,海天,VE1200Ⅱ,东南电器,051900000000008F
1694316,91541,20.39230919,1.59530056,2.00974083,0,2/25/2019 00:01:00,塑料注射成型机3,海天,VE1200Ⅱ,东南电器,051900000000008F
1701281,91541,20.35436058,1.6159128,2.00986505,0.01986167,2/26/2019 00:01:04,塑料注射成型机3,海天,VE1200Ⅱ,东南电器,051900000000008F
1708245,91541,17.36608887,1.30535412,1.65876889,3.54365444,2/27/2019 00:01:00,塑料注射成型机3,海天,VE1200Ⅱ,东南电器,051900000000008F
1715209,91541,0,0,0,23.87386703,2/28/2019 00:01:00,塑料注射成型机3,海天,VE1200Ⅱ,东南电器,051900000000008F
,,,,,,,,,,,
,,,,,,,,,,,
1311419,91542,20.37362671,1.61624718,2.01012611,0,1/1/2019 00:01:00,塑料注射成型机4,海天,TA1200/320h,东南电器,0519000000000090
1318356,91542,20.41527557,1.5748086,2.00991583,0,1/2/2019 00:01:00,塑料注射成型机4,海天,TA1200/320h,东南电器,0519000000000090
1325293,91542,20.39434433,1.61627114,1.98938477,0,1/3/2019 00:01:00,塑料注射成型机4,海天,TA1200/320h,东南电器,0519000000000090
1332230,91542,20.41511536,1.59555471,1.98933005,0,1/4/2019 00:01:00,塑料注射成型机4,海天,TA1200/320h,东南电器,0519000000000090
1339167,91542,20.39203644,1.5955447,2.00992751,0,1/5/2019 00:01:00,塑料注射成型机4,海天,TA1200/320h,东南电器,0519000000000090
1346104,91542,20.37389946,1.61610389,2.00999546,0,1/6/2019 00:01:00,塑料注射成型机4,海天,TA1200/320h,东南电器,0519000000000090
1353041,91542,20.39431572,1.59576249,2.00992155,0,1/7/2019 00:01:00,塑料注射成型机4,海天,TA1200/320h,东南电器,0519000000000090
1359978,91542,20.58065987,1.5955472,1.9894172,0,1/8/2019 00:01:00,塑料注射成型机4,海天,TA1200/320h,东南电器,0519000000000090
1366915,91542,20.41454697,1.57475662,2.00988722,0,1/9/2019 00:01:00,塑料注射成型机4,海天,TA1200/320h,东南电器,0519000000000090
1373852,91542,20.37390137,1.61611366,2.00998354,0,1/10/2019 00:01:00,塑料注射成型机4,海天,TA1200/320h,东南电器,0519000000000090
1380789,91542,20.39444733,1.5956583,2.00989461,0,1/11/2019 00:01:00,塑料注射成型机4,海天,TA1200/320h,东南电器,0519000000000090
1387758,91542,20.3944416,1.6162461,1.98931217,0,1/12/2019 00:01:00,塑料注射成型机4,海天,TA1200/320h,东南电器,0519000000000090
1394727,91542,20.41524696,1.59553754,1.98921669,0,1/13/2019 00:01:00,塑料注射成型机4,海天,TA1200/320h,东南电器,0519000000000090
1401696,91542,20.41243172,1.57464111,2.01000333,0,1/14/2019 00:01:00,塑料注射成型机4,海天,TA1200/320h,东南电器,0519000000000090
1408665,91542,20.39421082,1.61645806,1.98933053,0,1/15/2019 00:01:00,塑料注射成型机4,海天,TA1200/320h,东南电器,0519000000000090
1415634,91542,20.3944416,1.59555888,2.00999928,0,1/16/2019 00:01:00,塑料注射成型机4,海天,TA1200/320h,东南电器,0519000000000090
1422603,91542,20.39463997,1.59533894,2.01002026,0,1/17/2019 00:01:00,塑料注射成型机4,海天,TA1200/320h,东南电器,0519000000000090
1429572,91542,20.41509628,1.57498837,2.00991607,0,1/18/2019 00:01:00,塑料注射成型机4,海天,TA1200/320h,东南电器,0519000000000090
1436541,91542,20.38991737,1.61624336,1.98933423,0,1/19/2019 00:01:02,塑料注射成型机4,海天,TA1200/320h,东南电器,0519000000000090
1443510,91542,20.37460136,1.61634338,1.98920059,0.01985361,1/20/2019 00:01:02,塑料注射成型机4,海天,TA1200/320h,东南电器,0519000000000090
1450479,91542,20.41534805,1.59534109,1.98930943,0,1/21/2019 00:01:03,塑料注射成型机4,海天,TA1200/320h,东南电器,0519000000000090
1457448,91542,20.41507721,1.59580839,1.98911309,0,1/22/2019 00:01:03,塑料注射成型机4,海天,TA1200/320h,东南电器,0519000000000090
1464417,91542,20.39268303,1.59558666,2.01012492,0,1/23/2019 00:01:03,塑料注射成型机4,海天,TA1200/320h,东南电器,0519000000000090
1471386,91542,20.39464951,1.61613309,1.98921835,0,1/24/2019 00:01:03,塑料注射成型机4,海天,TA1200/320h,东南电器,0519000000000090
1478355,91542,20.4152565,1.59553945,1.98920476,0,1/25/2019 00:01:03,塑料注射成型机4,海天,TA1200/320h,东南电器,0519000000000090
1485324,91542,20.39442062,1.5956589,2.00992107,0,1/26/2019 00:01:03,塑料注射成型机4,海天,TA1200/320h,东南电器,0519000000000090
1492293,91542,20.39444351,1.61623394,1.98932111,0,1/27/2019 00:01:03,塑料注射成型机4,海天,TA1200/320h,东南电器,0519000000000090
1499262,91542,20.39156914,1.59545672,2.01001859,0,1/28/2019 00:01:04,塑料注射成型机4,海天,TA1200/320h,东南电器,0519000000000090
1506231,91542,20.39440155,1.61648309,1.98911476,0,1/29/2019 00:01:05,塑料注射成型机4,海天,TA1200/320h,东南电器,0519000000000090
1513200,91542,20.39426231,1.59557056,2.01016712,0,1/30/2019 00:01:03,塑料注射成型机4,海天,TA1200/320h,东南电器,0519000000000090
1520169,91542,20.41529846,1.59546697,1.98923612,0,1/31/2019 00:01:03,塑料注射成型机4,海天,TA1200/320h,东南电器,0519000000000090
1527138,91542,20.37273026,1.61735642,2.00991273,0,2/1/2019 00:01:03,塑料注射成型机4,海天,TA1200/320h,东南电器,0519000000000090
1534107,91542,20.39547348,1.59555364,1.98911357,0.01985861,2/2/2019 00:01:02,塑料注射成型机4,海天,TA1200/320h,东南电器,0519000000000090
1541076,91542,20.39410973,1.59533751,2.01000547,0,2/3/2019 00:01:03,塑料注射成型机4,海天,TA1200/320h,东南电器,0519000000000090
1548042,91542,20.39486694,1.61603141,1.98910308,0,2/4/2019 00:01:03,塑料注射成型机4,海天,TA1200/320h,东南电器,0519000000000090
1555008,91542,20.39491463,1.59522772,2.00985742,0,2/5/2019 00:01:02,塑料注射成型机4,海天,TA1200/320h,东南电器,0519000000000090
1561974,91542,20.41555405,1.59546053,1.9889853,0,2/6/2019 00:01:02,塑料注射成型机4,海天,TA1200/320h,东南电器,0519000000000090
1568940,91542,20.39138603,1.59533501,2.00987148,0,2/7/2019 00:01:03,塑料注射成型机4,海天,TA1200/320h,东南电器,0519000000000090
1575906,91542,20.39456367,1.5956645,2.00977135,0,2/8/2019 00:01:02,塑料注射成型机4,海天,TA1200/320h,东南电器,0519000000000090
1582872,91542,20.39464378,1.61615109,1.98920393,0,2/9/2019 00:01:03,塑料注射成型机4,海天,TA1200/320h,东南电器,0519000000000090
1589838,91542,20.41448402,1.5954392,1.98923278,0,2/10/2019 00:01:02,塑料注射成型机4,海天,TA1200/320h,东南电器,0519000000000090
1596804,91542,20.37385368,1.61635578,2.00979161,0,2/11/2019 00:01:02,塑料注射成型机4,海天,TA1200/320h,东南电器,0519000000000090
1603770,91542,20.4152565,1.59545171,1.98929226,0,2/12/2019 00:01:02,塑料注射成型机4,海天,TA1200/320h,东南电器,0519000000000090
1610736,91542,20.39469147,1.59554219,2.00976634,0,2/13/2019 00:01:02,塑料注射成型机4,海天,TA1200/320h,东南电器,0519000000000090
1617702,91542,20.41113281,1.59543967,1.98918831,0,2/14/2019 00:01:04,塑料注射成型机4,海天,TA1200/320h,东南电器,0519000000000090
1624667,91542,20.3738327,1.61638141,2.00978565,0,2/15/2019 00:01:04,塑料注射成型机4,海天,TA1200/320h,东南电器,0519000000000090
1631632,91542,20.39463425,1.59536445,2.01000309,0,2/16/2019 00:01:04,塑料注射成型机4,海天,TA1200/320h,东南电器,0519000000000090
1638597,91542,20.22868729,1.5953567,1.98920476,0.18557778,2/17/2019 00:01:04,塑料注射成型机4,海天,TA1200/320h,东南电器,0519000000000090
1645562,91542,20.18857193,1.61593115,2.00990891,0.18558916,2/18/2019 00:01:05,塑料注射成型机4,海天,TA1200/320h,东南电器,0519000000000090
1652527,91542,20.35514641,1.53328919,1.90610802,0.20545723,2/19/2019 00:01:04,塑料注射成型机4,海天,TA1200/320h,东南电器,0519000000000090
1659492,91542,20.37487411,1.59535301,2.00991058,0.01986389,2/20/2019 00:02:02,塑料注射成型机4,海天,TA1200/320h,东南电器,0519000000000090
1666457,91542,1.8064183,0.06217889,0.08286167,22,2/21/2019 00:01:05,塑料注射成型机4,海天,TA1200/320h,东南电器,0519000000000090
1673422,91542,0,0,0,23.95145798,2/22/2019 00:01:04,塑料注射成型机4,海天,TA1200/320h,东南电器,0519000000000090
1680387,91542,9.72800255,0.78736919,1.01527107,12.46935654,2/23/2019 00:01:07,塑料注射成型机4,海天,TA1200/320h,东南电器,0519000000000090
1687352,91542,19.19407082,1.53313911,1.92699754,1.34579337,2/24/2019 00:01:03,塑料注射成型机4,海天,TA1200/320h,东南电器,0519000000000090
1694317,91542,20.39219856,1.59530056,2.00985193,0,2/25/2019 00:01:00,塑料注射成型机4,海天,TA1200/320h,东南电器,0519000000000090
1701282,91542,20.35413742,1.61624694,2.00975394,0.01986167,2/26/2019 00:01:04,塑料注射成型机4,海天,TA1200/320h,东南电器,0519000000000090
1708246,91542,17.53286743,1.30535388,1.65876889,3.54354334,2/27/2019 00:01:00,塑料注射成型机4,海天,TA1200/320h,东南电器,0519000000000090
1715210,91542,0,0,0,23.87386703,2/28/2019 00:01:00,塑料注射成型机4,海天,TA1200/320h,东南电器,0519000000000090
,,,,,,,,,,,
,,,,,,,,,,,
1316997,115099,20.41511726,1.59566975,1.98921275,0,1/1/2019 00:01:01,塑料注射成型机6,凌格风,MA2500II1000,佛山市特力机电设备有限公司,20181219145309156
1323934,115099,20.39444351,1.61618662,1.98936808,0,1/2/2019 00:01:01,塑料注射成型机6,凌格风,MA2500II1000,佛山市特力机电设备有限公司,20181219145309156
1330871,115099,20.39423561,1.59568834,2.01007533,0,1/3/2019 00:01:02,塑料注射成型机6,凌格风,MA2500II1000,佛山市特力机电设备有限公司,20181219145309156
1337808,115099,20.39443588,1.59554839,2.01001573,0,1/4/2019 00:01:01,塑料注射成型机6,凌格风,MA2500II1000,佛山市特力机电设备有限公司,20181219145309156
1344745,115099,20.41294289,1.59532857,1.98934746,0,1/5/2019 00:01:01,塑料注射成型机6,凌格风,MA2500II1000,佛山市特力机电设备有限公司,20181219145309156
1351682,115099,20.41527557,1.59564447,1.98907888,0,1/6/2019 00:01:01,塑料注射成型机6,凌格风,MA2500II1000,佛山市特力机电设备有限公司,20181219145309156
1358619,115099,20.39442253,1.61622226,1.98935449,0,1/7/2019 00:01:01,塑料注射成型机6,凌格风,MA2500II1000,佛山市特力机电设备有限公司,20181219145309156
1365556,115099,20.51860046,1.59576392,2.00988436,0,1/8/2019 00:01:01,塑料注射成型机6,凌格风,MA2500II1000,佛山市特力机电设备有限公司,20181219145309156
1372493,115099,20.39385414,1.59533584,2.01011229,0,1/9/2019 00:01:01,塑料注射成型机6,凌格风,MA2500II1000,佛山市特力机电设备有限公司,20181219145309156
1379430,115099,20.38917542,1.61633527,1.98907554,0,1/10/2019 00:01:01,塑料注射成型机6,凌格风,MA2500II1000,佛山市特力机电设备有限公司,20181219145309156
1386399,115099,20.39434624,1.59554255,2.01011157,0,1/11/2019 00:01:01,塑料注射成型机6,凌格风,MA2500II1000,佛山市特力机电设备有限公司,20181219145309156
1393368,115099,20.37375641,1.61635113,2.00989366,0,1/12/2019 00:01:01,塑料注射成型机6,凌格风,MA2500II1000,佛山市特力机电设备有限公司,20181219145309156
1400337,115099,20.39455986,1.59542644,2.01001406,0,1/13/2019 00:01:01,塑料注射成型机6,凌格风,MA2500II1000,佛山市特力机电设备有限公司,20181219145309156
1407306,115099,20.39173698,1.59554923,2.00990105,0,1/14/2019 00:01:02,塑料注射成型机6,凌格风,MA2500II1000,佛山市特力机电设备有限公司,20181219145309156
1414275,115099,20.41511726,1.57486033,2.01002216,0,1/15/2019 00:01:02,塑料注射成型机6,凌格风,MA2500II1000,佛山市特力机电设备有限公司,20181219145309156
1421244,115099,20.39434624,1.61634135,1.9893117,0,1/16/2019 00:01:01,塑料注射成型机6,凌格风,MA2500II1000,佛山市特力机电设备有限公司,20181219145309156
1428213,115099,20.41533089,1.59544468,1.9892236,0,1/17/2019 00:01:01,塑料注射成型机6,凌格风,MA2500II1000,佛山市特力机电设备有限公司,20181219145309156
1435182,115099,20.39441299,1.61625051,1.9893353,0,1/18/2019 00:01:02,塑料注射成型机6,凌格风,MA2500II1000,佛山市特力机电设备有限公司,20181219145309156
1442152,115099,20.39011955,1.59566534,2.00993276,0,1/19/2019 00:01:09,塑料注射成型机6,凌格风,MA2500II1000,佛山市特力机电设备有限公司,20181219145309156
1449121,115099,20.37459755,1.59554839,2.00999975,0.01985389,1/20/2019 00:01:09,塑料注射成型机6,凌格风,MA2500II1000,佛山市特力机电设备有限公司,20181219145309156
1456090,115099,20.39466286,1.59545004,2.00988698,0,1/21/2019 00:01:11,塑料注射成型机6,凌格风,MA2500II1000,佛山市特力机电设备有限公司,20181219145309156
1463059,115099,20.41508293,1.59557974,1.98933804,0,1/22/2019 00:01:13,塑料注射成型机6,凌格风,MA2500II1000,佛山市特力机电设备有限公司,20181219145309156
1470028,115099,20.39281845,1.59579611,2.00989246,0,1/23/2019 00:01:11,塑料注射成型机6,凌格风,MA2500II1000,佛山市特力机电设备有限公司,20181219145309156
1476997,115099,20.39452934,1.59533775,2.01013279,0,1/24/2019 00:01:09,塑料注射成型机6,凌格风,MA2500II1000,佛山市特力机电设备有限公司,20181219145309156
1483966,115099,20.41525269,1.59565747,1.98908973,0,1/25/2019 00:01:10,塑料注射成型机6,凌格风,MA2500II1000,佛山市特力机电设备有限公司,20181219145309156
1490935,115099,20.39430618,1.61624527,1.9894489,0,1/26/2019 00:01:12,塑料注射成型机6,凌格风,MA2500II1000,佛山市特力机电设备有限公司,20181219145309156
1497904,115099,20.41513252,1.59565198,1.98921561,0,1/27/2019 00:01:09,塑料注射成型机6,凌格风,MA2500II1000,佛山市特力机电设备有限公司,20181219145309156
1504873,115099,20.39179802,1.59534836,2.01000881,0,1/28/2019 00:01:12,塑料注射成型机6,凌格风,MA2500II1000,佛山市特力机电设备有限公司,20181219145309156
1511842,115099,20.41508865,1.59557331,1.98933661,0,1/29/2019 00:01:13,塑料注射成型机6,凌格风,MA2500II1000,佛山市特力机电设备有限公司,20181219145309156
1518811,115099,20.37356949,1.61648333,2.00994754,0,1/30/2019 00:01:09,塑料注射成型机6,凌格风,MA2500II1000,佛山市特力机电设备有限公司,20181219145309156
1525780,115099,20.39450073,1.59535134,2.01014829,0,1/31/2019 00:01:12,塑料注射成型机6,凌格风,MA2500II1000,佛山市特力机电设备有限公司,20181219145309156
1532749,115099,20.43490601,1.57597947,1.98911333,0,2/1/2019 00:01:08,塑料注射成型机6,凌格风,MA2500II1000,佛山市特力机电设备有限公司,20181219145309156
1539718,115099,20.3947525,1.61602366,1.98922336,0,2/2/2019 00:01:08,塑料注射成型机6,凌格风,MA2500II1000,佛山市特力机电设备有限公司,20181219145309156
1546689,115099,20.39432144,1.59545004,2.00979137,0,2/3/2019 00:01:12,塑料注射成型机6,凌格风,MA2500II1000,佛山市特力机电设备有限公司,20181219145309156
1553655,115099,20.41544533,1.59523189,1.98932421,0,2/4/2019 00:01:09,塑料注射成型机6,凌格风,MA2500II1000,佛山市特力机电设备有限公司,20181219145309156
1560621,115099,20.37422752,1.61602747,2.00974536,0,2/5/2019 00:01:11,塑料注射成型机6,凌格风,MA2500II1000,佛山市特力机电设备有限公司,20181219145309156
1567587,115099,20.39475822,1.59535384,2.00988817,0,2/6/2019 00:01:07,塑料注射成型机6,凌格风,MA2500II1000,佛山市特力机电设备有限公司,20181219145309156
1574553,115099,20.41218758,1.59556162,1.98895526,0,2/7/2019 00:01:08,塑料注射成型机6,凌格风,MA2500II1000,佛山市特力机电设备有限公司,20181219145309156
1581519,115099,20.41548538,1.59545028,1.98906446,0,2/8/2019 00:01:09,塑料注射成型机6,凌格风,MA2500II1000,佛山市特力机电设备有限公司,20181219145309156
1588485,115099,20.37374306,1.6163739,2.00988412,0,2/9/2019 00:01:09,塑料注射成型机6,凌格风,MA2500II1000,佛山市特力机电设备有限公司,20181219145309156
1595451,115099,20.41458702,1.57475364,2.00992703,0,2/10/2019 00:01:08,塑料注射成型机6,凌格风,MA2500II1000,佛山市特力机电设备有限公司,20181219145309156
1602417,115099,20.41534615,1.5954361,1.98921669,0,2/11/2019 00:01:08,塑料注射成型机6,凌格风,MA2500II1000,佛山市特力机电设备有限公司,20181219145309156
1609383,115099,20.3738842,1.61636055,2.00975394,0,2/12/2019 00:01:07,塑料注射成型机6,凌格风,MA2500II1000,佛山市特力机电设备有限公司,20181219145309156
1616349,115099,20.39458275,1.59542692,2.00999045,0,2/13/2019 00:01:09,塑料注射成型机6,凌格风,MA2500II1000,佛山市特力机电设备有限公司,20181219145309156
1623314,115099,20.41135025,1.59555078,1.98908162,0,2/14/2019 00:01:12,塑料注射成型机6,凌格风,MA2500II1000,佛山市特力机电设备有限公司,20181219145309156
1630279,115099,20.39463806,1.59547138,2.00989079,0,2/15/2019 00:01:10,塑料注射成型机6,凌格风,MA2500II1000,佛山市特力机电设备有限公司,20181219145309156
1637244,115099,20.39472389,1.59546745,2.00980687,0,2/16/2019 00:01:13,塑料注射成型机6,凌格风,MA2500II1000,佛山市特力机电设备有限公司,20181219145309156
1644209,115099,20.41426468,1.59525001,1.98942411,0,2/17/2019 00:01:13,塑料注射成型机6,凌格风,MA2500II1000,佛山市特力机电设备有限公司,20181219145309156
1651174,115099,20.39484406,1.59535301,2.00980163,0,2/18/2019 00:01:21,塑料注射成型机6,凌格风,MA2500II1000,佛山市特力机电设备有限公司,20181219145309156
1658139,115099,20.39487076,1.6160419,2.15575409,0,2/19/2019 00:01:13,塑料注射成型机6,凌格风,MA2500II1000,佛山市特力机电设备有限公司,20181219145309156
1665104,115099,20.41542053,1.59557867,1.9890008,0,2/20/2019 00:12:17,塑料注射成型机6,凌格风,MA2500II1000,佛山市特力机电设备有限公司,20181219145309156
1672069,115099,2.53087044,0.3117086,0.2487075,20.83333397,2/21/2019 00:01:38,塑料注射成型机6,凌格风,MA2500II1000,佛山市特力机电设备有限公司,20181219145309156
1679034,115099,0,0,0,23.92461967,2/22/2019 00:01:25,塑料注射成型机6,凌格风,MA2500II1000,佛山市特力机电设备有限公司,20181219145309156
1686000,115099,9.7279892,0.80805361,0.99448943,12.46946907,2/23/2019 00:01:37,塑料注射成型机6,凌格风,MA2500II1000,佛山市特力机电设备有限公司,20181219145309156
1692965,115099,19.67051697,1.53325856,1.94767439,0.84854889,2/24/2019 00:01:10,塑料注射成型机6,凌格风,MA2500II1000,佛山市特力机电设备有限公司,20181219145309156
1699930,115099,20.39230728,1.5953033,2.00985074,0,2/25/2019 00:01:02,塑料注射成型机6,凌格风,MA2500II1000,佛山市特力机电设备有限公司,20181219145309156
1706895,115099,20.39573288,1.59545171,1.98906553,0.01975056,2/26/2019 00:01:18,塑料注射成型机6,凌格风,MA2500II1000,佛山市特力机电设备有限公司,20181219145309156
1713859,115099,20.2236042,1.57498944,2.01093984,0.19046611,2/27/2019 00:01:02,塑料注射成型机6,凌格风,MA2500II1000,佛山市特力机电设备有限公司,20181219145309156
1720824,115099,20.37214088,1.59553337,2.01011801,0.01987222,2/28/2019 00:01:02,塑料注射成型机6,凌格风,MA2500II1000,佛山市特力机电设备有限公司,20181219145309156
,,,,,,,,,,,
,,,,,,,,,,,
1316428,115100,20.4152298,1.59533644,1.98943496,0,1/1/2019 00:01:01,塑料注射成型机7,优腾,MA900,上海优腾动力科技有限公司,20181219145309275
1323365,115100,20.39444351,1.61640918,1.98914552,0,1/2/2019 00:01:01,塑料注射成型机7,优腾,MA900,上海优腾动力科技有限公司,20181219145309275
1330302,115100,20.39423561,1.59557664,2.01018691,0,1/3/2019 00:01:02,塑料注射成型机7,优腾,MA900,上海优腾动力科技有限公司,20181219145309275
1337239,115100,20.39443588,1.5956589,2.00990558,0,1/4/2019 00:01:01,塑料注射成型机7,优腾,MA900,上海优腾动力科技有限公司,20181219145309275
1344176,115100,20.41294479,1.59544003,1.98923504,0,1/5/2019 00:01:01,塑料注射成型机7,优腾,MA900,上海优腾动力科技有限公司,20181219145309275
1351113,115100,20.41516685,1.59553301,1.98930109,0,1/6/2019 00:01:01,塑料注射成型机7,优腾,MA900,上海优腾动力科技有限公司,20181219145309275
1358050,115100,20.3943119,1.61644411,1.98924387,0,1/7/2019 00:01:01,塑料注射成型机7,优腾,MA900,上海优腾动力科技有限公司,20181219145309275
1364987,115100,20.51871109,1.59543002,2.01010704,0,1/8/2019 00:01:01,塑料注射成型机7,优腾,MA900,上海优腾动力科技有限公司,20181219145309275
1371924,115100,20.39396477,1.59555805,2.00989032,0,1/9/2019 00:01:01,塑料注射成型机7,优腾,MA900,上海优腾动力科技有限公司,20181219145309275
1378861,115100,20.38906479,1.61622357,1.98929834,0,1/10/2019 00:01:01,塑料注射成型机7,优腾,MA900,上海优腾动力科技有限公司,20181219145309275
1385812,115100,20.39445686,1.59565389,2.00988913,0,1/11/2019 00:01:01,塑料注射成型机7,优腾,MA900,上海优腾动力科技有限公司,20181219145309275
1392781,115100,20.37375641,1.61624002,2.01000476,0,1/12/2019 00:01:01,塑料注射成型机7,优腾,MA900,上海优腾动力科技有限公司,20181219145309275
1399750,115100,20.39467049,1.59542584,2.00990272,0,1/13/2019 00:01:01,塑料注射成型机7,优腾,MA900,上海优腾动力科技有限公司,20181219145309275
1406719,115100,20.39162636,1.59554946,2.01001191,0,1/14/2019 00:01:02,塑料注射成型机7,优腾,MA900,上海优腾动力科技有限公司,20181219145309275
1413688,115100,20.41500664,1.57508278,2.00991035,0,1/15/2019 00:01:02,塑料注射成型机7,优腾,MA900,上海优腾动力科技有限公司,20181219145309275
1420657,115100,20.3945694,1.61600745,1.98942304,0,1/16/2019 00:01:01,塑料注射成型机7,优腾,MA900,上海优腾动力科技有限公司,20181219145309275
1427626,115100,20.41522026,1.59566689,1.9891125,0,1/17/2019 00:01:01,塑料注射成型机7,优腾,MA900,上海优腾动力科技有限公司,20181219145309275
1434595,115100,20.39441299,1.61625028,1.9893353,0,1/18/2019 00:01:01,塑料注射成型机7,优腾,MA900,上海优腾动力科技有限公司,20181219145309275
1441564,115100,20.39011955,1.59555411,2.01004362,0,1/19/2019 00:01:09,塑料注射成型机7,优腾,MA900,上海优腾动力科技有限公司,20181219145309275
1448533,115100,20.37470818,1.59554839,2.00988865,0.01985389,1/20/2019 00:01:09,塑料注射成型机7,优腾,MA900,上海优腾动力科技有限公司,20181219145309275
1455502,115100,20.39455032,1.59544969,2.00999808,0,1/21/2019 00:01:11,塑料注射成型机7,优腾,MA900,上海优腾动力科技有限公司,20181219145309275
1462471,115100,20.4149704,1.59580171,1.98922753,0,1/22/2019 00:01:13,塑料注射成型机7,优腾,MA900,上海优腾动力科技有限公司,20181219145309275
1469440,115100,20.39292908,1.5954628,2.01011443,0,1/23/2019 00:01:10,塑料注射成型机7,优腾,MA900,上海优腾动力科技有限公司,20181219145309275
1476409,115100,20.39452934,1.59556055,2.00991035,0,1/24/2019 00:01:08,塑料注射成型机7,优腾,MA900,上海优腾动力科技有限公司,20181219145309275
1483378,115100,20.41514206,1.59554636,1.98931193,0,1/25/2019 00:01:10,塑料注射成型机7,优腾,MA900,上海优腾动力科技有限公司,20181219145309275
1490347,115100,20.39441872,1.61635613,1.98922694,0,1/26/2019 00:01:12,塑料注射成型机7,优腾,MA900,上海优腾动力科技有限公司,20181219145309275
1497316,115100,20.41524506,1.59542978,1.98932672,0,1/27/2019 00:01:09,塑料注射成型机7,优腾,MA900,上海优腾动力科技有限公司,20181219145309275
1504285,115100,20.39168739,1.5955708,2.00989723,0,1/28/2019 00:01:12,塑料注射成型机7,优腾,MA900,上海优腾动力科技有限公司,20181219145309275
1511254,115100,20.41508865,1.59557331,1.98933721,0,1/29/2019 00:01:13,塑料注射成型机7,优腾,MA900,上海优腾动力科技有限公司,20181219145309275
1518223,115100,20.37356949,1.61637199,2.01005888,0,1/30/2019 00:01:09,塑料注射成型机7,优腾,MA900,上海优腾动力科技有限公司,20181219145309275
1525192,115100,20.39450073,1.59546244,2.01003718,0,1/31/2019 00:01:12,塑料注射成型机7,优腾,MA900,上海优腾动力科技有限公司,20181219145309275
1532161,115100,20.43490601,1.57586884,1.98922384,0,2/1/2019 00:01:08,塑料注射成型机7,优腾,MA900,上海优腾动力科技有限公司,20181219145309275
1539130,115100,20.39486504,1.61602306,1.9891125,0,2/2/2019 00:01:08,塑料注射成型机7,优腾,MA900,上海优腾动力科技有限公司,20181219145309275
1546099,115100,20.39443398,1.59522808,2.009902,0,2/3/2019 00:01:12,塑料注射成型机7,优腾,MA900,上海优腾动力科技有限公司,20181219145309275
1553065,115100,20.43624496,1.57476497,1.98899031,0,2/4/2019 00:01:08,塑料注射成型机7,优腾,MA900,上海优腾动力科技有限公司,20181219145309275
1560031,115100,20.37411499,1.61602747,2.00985622,0,2/5/2019 00:01:10,塑料注射成型机7,优腾,MA900,上海优腾动力科技有限公司,20181219145309275
1566997,115100,20.3946476,1.59557641,2.00977683,0,2/6/2019 00:01:07,塑料注射成型机7,优腾,MA900,上海优腾动力科技有限公司,20181219145309275
1573963,115100,20.41207504,1.59545052,1.98917747,0,2/7/2019 00:01:08,塑料注射成型机7,优腾,MA900,上海优腾动力科技有限公司,20181219145309275
1580929,115100,20.39457512,1.59567273,2.00975251,0,2/8/2019 00:01:09,塑料注射成型机7,优腾,MA900,上海优腾动力科技有限公司,20181219145309275
1587895,115100,20.37385368,1.61615133,2.00999546,0,2/9/2019 00:01:09,塑料注射成型机7,优腾,MA900,上海优腾动力科技有限公司,20181219145309275
1594861,115100,20.41458702,1.57486439,2.00981617,0,2/10/2019 00:01:08,塑料注射成型机7,优腾,MA900,上海优腾动力科技有限公司,20181219145309275
1601827,115100,20.41534615,1.59543693,1.98921645,0,2/11/2019 00:01:08,塑料注射成型机7,优腾,MA900,上海优腾动力科技有限公司,20181219145309275
1608793,115100,20.37377357,1.61636055,2.00986552,0,2/12/2019 00:01:07,塑料注射成型机7,优腾,MA900,上海优腾动力科技有限公司,20181219145309275
1615759,115100,20.39469337,1.59542644,2.00987983,0,2/13/2019 00:01:09,塑料注射成型机7,优腾,MA900,上海优腾动力科技有限公司,20181219145309275
1622725,115100,20.41146278,1.59532833,1.98919308,0,2/14/2019 00:01:12,塑料注射成型机7,优腾,MA900,上海优腾动力科技有限公司,20181219145309275
1629690,115100,20.39474869,1.59547162,2.00977969,0,2/15/2019 00:01:10,塑料注射成型机7,优腾,MA900,上海优腾动力科技有限公司,20181219145309275
1636655,115100,20.39483833,1.59513366,2.01002955,0,2/16/2019 00:01:13,塑料注射成型机7,优腾,MA900,上海优腾动力科技有限公司,20181219145309275
1643620,115100,20.41448593,1.59547198,1.98909116,0,2/17/2019 00:01:13,塑料注射成型机7,优腾,MA900,上海优腾动力科技有限公司,20181219145309275
1650585,115100,20.39473343,1.59535277,2.00991273,0,2/18/2019 00:01:21,塑料注射成型机7,优腾,MA900,上海优腾动力科技有限公司,20181219145309275
1657550,115100,20.29109383,1.55419946,2.13484383,0.01986278,2/19/2019 00:01:13,塑料注射成型机7,优腾,MA900,上海优腾动力科技有限公司,20181219145309275
1664515,115100,20.415308,1.59546745,1.989223,0,2/20/2019 00:11:31,塑料注射成型机7,优腾,MA900,上海优腾动力科技有限公司,20181219145309275
1671480,115100,2.53087044,0.31181973,0.24859639,20.83333397,2/21/2019 00:01:36,塑料注射成型机7,优腾,MA900,上海优腾动力科技有限公司,20181219145309275
1678445,115100,0,0,0,23.92461967,2/22/2019 00:01:24,塑料注射成型机7,优腾,MA900,上海优腾动力科技有限公司,20181219145309275
1685411,115100,9.72787762,0.80816472,0.99448943,12.46946907,2/23/2019 00:01:35,塑料注射成型机7,优腾,MA900,上海优腾动力科技有限公司,20181219145309275
1692376,115100,19.33898735,1.5747422,1.90630162,1.1799686,2/24/2019 00:01:09,塑料注射成型机7,优腾,MA900,上海优腾动力科技有限公司,20181219145309275
1699341,115100,20.39219475,1.61621392,1.98905194,0,2/25/2019 00:01:01,塑料注射成型机7,优腾,MA900,上海优腾动力科技有限公司,20181219145309275
1706307,115100,20.39562225,1.59545135,1.98917663,0.01975056,2/26/2019 00:01:18,塑料注射成型机7,优腾,MA900,上海优腾动力科技有限公司,20181219145309275
1713271,115100,20.24332619,1.57476699,2.01127338,0.17063223,2/27/2019 00:01:02,塑料注射成型机7,优腾,MA900,上海优腾动力科技有限公司,20181219145309275
1720236,115100,20.37247086,1.59553337,2.00989628,0.01987222,2/28/2019 00:01:02,塑料注射成型机7,优腾,MA900,上海优腾动力科技有限公司,20181219145309275
,,,,,,,,,,,
,,,,,,,,,,,
1316427,115101,20.4152298,1.5953356,1.98943579,0,1/1/2019 00:01:01,塑料注射成型机8,杭家,J110ADC110H,中山市杭家自动化机械有限公司,20181219145309393
1323364,115101,20.39444351,1.61640918,1.98914552,0,1/2/2019 00:01:01,塑料注射成型机8,杭家,J110ADC110H,中山市杭家自动化机械有限公司,20181219145309393
1330301,115101,20.39423561,1.59557664,2.01018715,0,1/3/2019 00:01:02,塑料注射成型机8,杭家,J110ADC110H,中山市杭家自动化机械有限公司,20181219145309393
1337238,115101,20.39443588,1.59565914,2.00990534,0,1/4/2019 00:01:01,塑料注射成型机8,杭家,J110ADC110H,中山市杭家自动化机械有限公司,20181219145309393
1344175,115101,20.41294479,1.59544003,1.98923504,0,1/5/2019 00:01:01,塑料注射成型机8,杭家,J110ADC110H,中山市杭家自动化机械有限公司,20181219145309393
1351112,115101,20.41516685,1.59553301,1.98930085,0,1/6/2019 00:01:01,塑料注射成型机8,杭家,J110ADC110H,中山市杭家自动化机械有限公司,20181219145309393
1358049,115101,20.3943119,1.61644411,1.98924387,0,1/7/2019 00:01:01,塑料注射成型机8,杭家,J110ADC110H,中山市杭家自动化机械有限公司,20181219145309393
1364986,115101,20.49802017,1.59543025,2.01010633,0,1/8/2019 00:01:01,塑料注射成型机8,杭家,J110ADC110H,中山市杭家自动化机械有限公司,20181219145309393
1371923,115101,20.39396477,1.59555805,2.00989008,0,1/9/2019 00:01:01,塑料注射成型机8,杭家,J110ADC110H,中山市杭家自动化机械有限公司,20181219145309393
1378860,115101,20.38906479,1.61622334,1.98929834,0,1/10/2019 00:01:01,塑料注射成型机8,杭家,J110ADC110H,中山市杭家自动化机械有限公司,20181219145309393
1385811,115101,20.39445686,1.59565413,2.00988913,0,1/11/2019 00:01:01,塑料注射成型机8,杭家,J110ADC110H,中山市杭家自动化机械有限公司,20181219145309393
1392780,115101,20.37375641,1.61623943,2.01000524,0,1/12/2019 00:01:01,塑料注射成型机8,杭家,J110ADC110H,中山市杭家自动化机械有限公司,20181219145309393
1399749,115101,20.39467049,1.59542584,2.00990248,0,1/13/2019 00:01:01,塑料注射成型机8,杭家,J110ADC110H,中山市杭家自动化机械有限公司,20181219145309393
1406718,115101,20.39162636,1.59554946,2.01001215,0,1/14/2019 00:01:02,塑料注射成型机8,杭家,J110ADC110H,中山市杭家自动化机械有限公司,20181219145309393
1413687,115101,20.41500664,1.57508254,2.00991058,0,1/15/2019 00:01:02,塑料注射成型机8,杭家,J110ADC110H,中山市杭家自动化机械有限公司,20181219145309393
1420656,115101,20.3945694,1.6160078,1.98942304,0,1/16/2019 00:01:01,塑料注射成型机8,杭家,J110ADC110H,中山市杭家自动化机械有限公司,20181219145309393
1427625,115101,20.41522026,1.59566724,1.9891125,0,1/17/2019 00:01:01,塑料注射成型机8,杭家,J110ADC110H,中山市杭家自动化机械有限公司,20181219145309393
1434594,115101,20.3944149,1.61625004,1.9893353,0,1/18/2019 00:01:01,塑料注射成型机8,杭家,J110ADC110H,中山市杭家自动化机械有限公司,20181219145309393
1441563,115101,20.39011955,1.59555387,2.01004386,0,1/19/2019 00:01:09,塑料注射成型机8,杭家,J110ADC110H,中山市杭家自动化机械有限公司,20181219145309393
1448532,115101,20.37470818,1.59554863,2.00988841,0.01985389,1/20/2019 00:01:09,塑料注射成型机8,杭家,J110ADC110H,中山市杭家自动化机械有限公司,20181219145309393
1455501,115101,20.39455032,1.59544969,2.00999808,0,1/21/2019 00:01:11,塑料注射成型机8,杭家,J110ADC110H,中山市杭家自动化机械有限公司,20181219145309393
1462470,115101,20.4149704,1.59580171,1.98922753,0,1/22/2019 00:01:13,塑料注射成型机8,杭家,J110ADC110H,中山市杭家自动化机械有限公司,20181219145309393
1469439,115101,20.39292908,1.5954628,2.01011443,0,1/23/2019 00:01:10,塑料注射成型机8,杭家,J110ADC110H,中山市杭家自动化机械有限公司,20181219145309393
1476408,115101,20.39452934,1.59556055,2.00991035,0,1/24/2019 00:01:08,塑料注射成型机8,杭家,J110ADC110H,中山市杭家自动化机械有限公司,20181219145309393
1483377,115101,20.41514206,1.59554613,1.98931217,0,1/25/2019 00:01:10,塑料注射成型机8,杭家,J110ADC110H,中山市杭家自动化机械有限公司,20181219145309393
1490346,115101,20.39441872,1.61635637,1.98922694,0,1/26/2019 00:01:12,塑料注射成型机8,杭家,J110ADC110H,中山市杭家自动化机械有限公司,20181219145309393
1497315,115101,20.41524506,1.59542978,1.98932695,0,1/27/2019 00:01:09,塑料注射成型机8,杭家,J110ADC110H,中山市杭家自动化机械有限公司,20181219145309393
1504284,115101,20.39168358,1.59557223,2.00989723,0,1/28/2019 00:01:12,塑料注射成型机8,杭家,J110ADC110H,中山市杭家自动化机械有限公司,20181219145309393
1511253,115101,20.41508865,1.59557283,1.9893378,0,1/29/2019 00:01:13,塑料注射成型机8,杭家,J110ADC110H,中山市杭家自动化机械有限公司,20181219145309393
1518222,115101,20.37356949,1.61637223,2.01005888,0,1/30/2019 00:01:09,塑料注射成型机8,杭家,J110ADC110H,中山市杭家自动化机械有限公司,20181219145309393
1525191,115101,20.39450073,1.59546244,2.01003718,0,1/31/2019 00:01:12,塑料注射成型机8,杭家,J110ADC110H,中山市杭家自动化机械有限公司,20181219145309393
1532160,115101,20.43490601,1.57586884,1.98922384,0,2/1/2019 00:01:08,塑料注射成型机8,杭家,J110ADC110H,中山市杭家自动化机械有限公司,20181219145309393
1539129,115101,20.39486504,1.61602283,1.98911273,0,2/2/2019 00:01:08,塑料注射成型机8,杭家,J110ADC110H,中山市杭家自动化机械有限公司,20181219145309393
1546098,115101,20.39443398,1.59522748,2.00990272,0,2/3/2019 00:01:12,塑料注射成型机8,杭家,J110ADC110H,中山市杭家自动化机械有限公司,20181219145309393
1553064,115101,20.43624496,1.57476532,1.98898995,0,2/4/2019 00:01:08,塑料注射成型机8,杭家,J110ADC110H,中山市杭家自动化机械有限公司,20181219145309393
1560030,115101,20.37411499,1.61602783,2.00985622,0,2/5/2019 00:01:10,塑料注射成型机8,杭家,J110ADC110H,中山市杭家自动化机械有限公司,20181219145309393
1566996,115101,20.3946476,1.59557641,2.00977683,0,2/6/2019 00:01:07,塑料注射成型机8,杭家,J110ADC110H,中山市杭家自动化机械有限公司,20181219145309393
1573962,115101,20.41207504,1.59545028,1.98917782,0,2/7/2019 00:01:08,塑料注射成型机8,杭家,J110ADC110H,中山市杭家自动化机械有限公司,20181219145309393
1580928,115101,20.39457512,1.59567273,2.00975251,0,2/8/2019 00:01:09,塑料注射成型机8,杭家,J110ADC110H,中山市杭家自动化机械有限公司,20181219145309393
1587894,115101,20.37385368,1.61615109,2.00999594,0,2/9/2019 00:01:09,塑料注射成型机8,杭家,J110ADC110H,中山市杭家自动化机械有限公司,20181219145309393
1594860,115101,20.41458702,1.57486475,2.00981593,0,2/10/2019 00:01:08,塑料注射成型机8,杭家,J110ADC110H,中山市杭家自动化机械有限公司,20181219145309393
1601826,115101,20.41534615,1.59543693,1.98921645,0,2/11/2019 00:01:08,塑料注射成型机8,杭家,J110ADC110H,中山市杭家自动化机械有限公司,20181219145309393
1608792,115101,20.37377357,1.61635995,2.009866,0,2/12/2019 00:01:07,塑料注射成型机8,杭家,J110ADC110H,中山市杭家自动化机械有限公司,20181219145309393
1615758,115101,20.39469337,1.59542608,2.00987983,0,2/13/2019 00:01:09,塑料注射成型机8,杭家,J110ADC110H,中山市杭家自动化机械有限公司,20181219145309393
1622724,115101,20.41146278,1.59532833,1.98919308,0,2/14/2019 00:01:12,塑料注射成型机8,杭家,J110ADC110H,中山市杭家自动化机械有限公司,20181219145309393
1629689,115101,20.39474869,1.59547138,2.00977993,0,2/15/2019 00:01:10,塑料注射成型机8,杭家,J110ADC110H,中山市杭家自动化机械有限公司,20181219145309393
1636654,115101,20.39483833,1.59513366,2.01002955,0,2/16/2019 00:01:13,塑料注射成型机8,杭家,J110ADC110H,中山市杭家自动化机械有限公司,20181219145309393
1643619,115101,20.41448593,1.59547198,1.98909032,0,2/17/2019 00:01:13,塑料注射成型机8,杭家,J110ADC110H,中山市杭家自动化机械有限公司,20181219145309393
1650584,115101,20.39473343,1.59535277,2.00991273,0,2/18/2019 00:01:21,塑料注射成型机8,杭家,J110ADC110H,中山市杭家自动化机械有限公司,20181219145309393
1657549,115101,20.29109383,1.5541997,2.13484335,0.01986278,2/19/2019 00:01:13,塑料注射成型机8,杭家,J110ADC110H,中山市杭家自动化机械有限公司,20181219145309393
1664514,115101,20.415308,1.59546745,1.989223,0,2/20/2019 00:11:31,塑料注射成型机8,杭家,J110ADC110H,中山市杭家自动化机械有限公司,20181219145309393
1671479,115101,2.53087044,0.31181973,0.24859639,20.83333397,2/21/2019 00:01:36,塑料注射成型机8,杭家,J110ADC110H,中山市杭家自动化机械有限公司,20181219145309393
1678444,115101,0,0,0,23.92461967,2/22/2019 00:01:24,塑料注射成型机8,杭家,J110ADC110H,中山市杭家自动化机械有限公司,20181219145309393
1685410,115101,9.72787762,0.80816472,0.99448943,12.46946907,2/23/2019 00:01:35,塑料注射成型机8,杭家,J110ADC110H,中山市杭家自动化机械有限公司,20181219145309393
1692375,115101,19.33898735,1.5747422,1.90630138,1.1799686,2/24/2019 00:01:09,塑料注射成型机8,杭家,J110ADC110H,中山市杭家自动化机械有限公司,20181219145309393
1699340,115101,20.39219475,1.61621392,1.98905194,0,2/25/2019 00:01:01,塑料注射成型机8,杭家,J110ADC110H,中山市杭家自动化机械有限公司,20181219145309393
1706306,115101,20.39562225,1.59545171,1.98917663,0.01975056,2/26/2019 00:01:18,塑料注射成型机8,杭家,J110ADC110H,中山市杭家自动化机械有限公司,20181219145309393
1713270,115101,20.22349358,1.57476699,2.01127338,0.19046611,2/27/2019 00:01:02,塑料注射成型机8,杭家,J110ADC110H,中山市杭家自动化机械有限公司,20181219145309393
1720235,115101,20.37247276,1.59553337,2.00989604,0.01987222,2/28/2019 00:01:02,塑料注射成型机8,杭家,J110ADC110H,中山市杭家自动化机械有限公司,20181219145309393
,,,,,,,,,,,
,,,,,,,,,,,
1316426,115102,20.41534042,1.59555805,1.98910248,0,1/1/2019 00:01:01,塑料注射成型机9,利速,VE1200II,东莞市利速数控机械有限公司,20181219145309515
1323363,115102,20.39433289,1.61629808,1.98936772,0,1/2/2019 00:01:01,塑料注射成型机9,利速,VE1200II,东莞市利速数控机械有限公司,20181219145309515
1330300,115102,20.39434624,1.59568751,2.00996566,0,1/3/2019 00:01:02,塑料注射成型机9,利速,VE1200II,东莞市利速数控机械有限公司,20181219145309515
1337237,115102,20.39454651,1.59543633,2.01001692,0,1/4/2019 00:01:01,塑料注射成型机9,利速,VE1200II,东莞市利速数控机械有限公司,20181219145309515
1344174,115102,20.41283417,1.59566283,1.98912311,0,1/5/2019 00:01:01,塑料注射成型机9,利速,VE1200II,东莞市利速数控机械有限公司,20181219145309515
1351111,115102,20.41516685,1.59553361,1.98930061,0,1/6/2019 00:01:01,塑料注射成型机9,利速,VE1200II,东莞市利速数控机械有限公司,20181219145309515
1358048,115102,20.3943119,1.61633253,1.9893558,0,1/7/2019 00:01:01,塑料注射成型机9,利速,VE1200II,东莞市利速数控机械有限公司,20181219145309515
1364985,115102,20.53962135,1.5746305,2.00999522,0,1/8/2019 00:01:01,塑料注射成型机9,利速,VE1200II,东莞市利速数控机械有限公司,20181219145309515
1371922,115102,20.39385414,1.59555864,2.01000118,0,1/9/2019 00:01:01,塑料注射成型机9,利速,VE1200II,东莞市利速数控机械有限公司,20181219145309515
1378859,115102,20.38917542,1.61633468,1.989187,0,1/10/2019 00:01:01,塑料注射成型机9,利速,VE1200II,东莞市利速数控机械有限公司,20181219145309515
1385810,115102,20.39445496,1.59554338,2.01000094,0,1/11/2019 00:01:01,塑料注射成型机9,利速,VE1200II,东莞市利速数控机械有限公司,20181219145309515
1392779,115102,20.37386703,1.61623883,2.00989437,0,1/12/2019 00:01:01,塑料注射成型机9,利速,VE1200II,东莞市利速数控机械有限公司,20181219145309515
1399748,115102,20.39455986,1.59542584,2.01001406,0,1/13/2019 00:01:01,塑料注射成型机9,利速,VE1200II,东莞市利速数控机械有限公司,20181219145309515
1406717,115102,20.39151573,1.59577191,2.00990129,0,1/14/2019 00:01:02,塑料注射成型机9,利速,VE1200II,东莞市利速数控机械有限公司,20181219145309515
1413686,115102,20.41511726,1.57474864,2.0101335,0,1/15/2019 00:01:02,塑料注射成型机9,利速,VE1200II,东莞市利速数控机械有限公司,20181219145309515
1420655,115102,20.39468002,1.61623025,1.98908913,0,1/16/2019 00:01:01,塑料注射成型机9,利速,VE1200II,东莞市利速数控机械有限公司,20181219145309515
1427624,115102,20.39441872,1.59555614,2.0100255,0,1/17/2019 00:01:01,塑料注射成型机9,利速,VE1200II,东莞市利速数控机械有限公司,20181219145309515
1434593,115102,20.3944149,1.61636078,1.98922443,0,1/18/2019 00:01:01,塑料注射成型机9,利速,VE1200II,东莞市利速数控机械有限公司,20181219145309515
1441562,115102,20.39011955,1.59555411,2.01004338,0,1/19/2019 00:01:09,塑料注射成型机9,利速,VE1200II,东莞市利速数控机械有限公司,20181219145309515
1448531,115102,20.37493134,1.59532607,2.00999999,0.01974278,1/20/2019 00:01:09,塑料注射成型机9,利速,VE1200II,东莞市利速数控机械有限公司,20181219145309515
1455500,115102,20.39432907,1.61647248,1.98919809,0,1/21/2019 00:01:11,塑料注射成型机9,利速,VE1200II,东莞市利速数控机械有限公司,20181219145309515
1462469,115102,20.4149704,1.59557939,1.98944974,0,1/22/2019 00:01:13,塑料注射成型机9,利速,VE1200II,东莞市利速数控机械有限公司,20181219145309515
1469438,115102,20.39326286,1.59546244,2.00989199,0,1/23/2019 00:01:10,塑料注射成型机9,利速,VE1200II,东莞市利速数控机械有限公司,20181219145309515
1476407,115102,20.39441872,1.59556079,2.01002145,0,1/24/2019 00:01:08,塑料注射成型机9,利速,VE1200II,东莞市利速数控机械有限公司,20181219145309515
1483376,115102,20.41514206,1.59565747,1.98920083,0,1/25/2019 00:01:10,塑料注射成型机9,利速,VE1200II,东莞市利速数控机械有限公司,20181219145309515
1490345,115102,20.39441872,1.61624551,1.9893378,0,1/26/2019 00:01:12,塑料注射成型机9,利速,VE1200II,东莞市利速数控机械有限公司,20181219145309515
1497314,115102,20.41535378,1.59542978,1.98921609,0,1/27/2019 00:01:09,塑料注射成型机9,利速,VE1200II,东莞市利速数控机械有限公司,20181219145309515
1504283,115102,20.39157295,1.59557223,2.01000881,0,1/28/2019 00:01:12,塑料注射成型机9,利速,VE1200II,东莞市利速数控机械有限公司,20181219145309515
1511252,115102,20.41497803,1.59579504,1.98922718,0,1/29/2019 00:01:13,塑料注射成型机9,利速,VE1200II,东莞市利速数控机械有限公司,20181219145309515
1518221,115102,20.37379074,1.61603773,2.01017118,0,1/30/2019 00:01:09,塑料注射成型机9,利速,VE1200II,东莞市利速数控机械有限公司,20181219145309515
1525190,115102,20.3943882,1.61637473,1.98923635,0,1/31/2019 00:01:12,塑料注射成型机9,利速,VE1200II,东莞市利速数控机械有限公司,20181219145309515
1532159,115102,20.43479538,1.57598031,1.98922384,0,2/1/2019 00:01:08,塑料注射成型机9,利速,VE1200II,东莞市利速数控机械有限公司,20181219145309515
1539128,115102,20.39486504,1.61602283,1.98911273,0,2/2/2019 00:01:08,塑料注射成型机9,利速,VE1200II,东莞市利速数控机械有限公司,20181219145309515
1546097,115102,20.39432144,1.59556031,2.00979233,0,2/3/2019 00:01:12,塑料注射成型机9,利速,VE1200II,东莞市利速数控机械有限公司,20181219145309515
1553063,115102,20.43613243,1.57476473,1.98910165,0,2/4/2019 00:01:08,塑料注射成型机9,利速,VE1200II,东莞市利速数控机械有限公司,20181219145309515
1560029,115102,20.37400436,1.63693857,1.98905694,0,2/5/2019 00:01:10,塑料注射成型机9,利速,VE1200II,东莞市利速数控机械有限公司,20181219145309515
1566995,115102,20.3946476,1.5954653,2.0098877,0,2/6/2019 00:01:07,塑料注射成型机9,利速,VE1200II,东莞市利速数控机械有限公司,20181219145309515
1573961,115102,20.41196442,1.59567308,1.98906672,0,2/7/2019 00:01:08,塑料注射成型机9,利速,VE1200II,东莞市利速数控机械有限公司,20181219145309515
1580927,115102,20.39457512,1.59544945,2.00997519,0,2/8/2019 00:01:09,塑料注射成型机9,利速,VE1200II,东莞市利速数控机械有限公司,20181219145309515
1587893,115102,20.37396431,1.61626279,2.00977325,0,2/9/2019 00:01:09,塑料注射成型机9,利速,VE1200II,东莞市利速数控机械有限公司,20181219145309515
1594859,115102,20.41458702,1.57475364,2.00992727,0,2/10/2019 00:01:08,塑料注射成型机9,利速,VE1200II,东莞市利速数控机械有限公司,20181219145309515
1601825,115102,20.41534615,1.59554803,1.98910439,0,2/11/2019 00:01:08,塑料注射成型机9,利速,VE1200II,东莞市利速数控机械有限公司,20181219145309515
1608791,115102,20.37399483,1.6160264,2.00997758,0,2/12/2019 00:01:07,塑料注射成型机9,利速,VE1200II,东莞市利速数控机械有限公司,20181219145309515
1615757,115102,20.394804,1.59542561,2.0097692,0,2/13/2019 00:01:09,塑料注射成型机9,利速,VE1200II,东莞市利速数控机械有限公司,20181219145309515
1622723,115102,20.41157341,1.59521723,1.98919332,0,2/14/2019 00:01:12,塑料注射成型机9,利速,VE1200II,东莞市利速数控机械有限公司,20181219145309515
1629688,115102,20.39485931,1.59524918,2.00989103,0,2/15/2019 00:01:10,塑料注射成型机9,利速,VE1200II,东莞市利速数控机械有限公司,20181219145309515
1636653,115102,20.3947258,1.59546721,2.00980663,0,2/16/2019 00:01:13,塑料注射成型机9,利速,VE1200II,东莞市利速数控机械有限公司,20181219145309515
1643618,115102,20.41437531,1.59547222,1.98920143,0,2/17/2019 00:01:13,塑料注射成型机9,利速,VE1200II,东莞市利速数控机械有限公司,20181219145309515
1650583,115102,20.3946228,1.61626303,1.98911357,0,2/18/2019 00:01:21,塑料注射成型机9,利速,VE1200II,东莞市利速数控机械有限公司,20181219145309515
1657548,115102,20.27040482,1.55397725,2.1557548,0.01986278,2/19/2019 00:01:13,塑料注射成型机9,利速,VE1200II,东莞市利速数控机械有限公司,20181219145309515
1664513,115102,20.41519737,1.59569061,1.9891119,0,2/20/2019 00:11:30,塑料注射成型机9,利速,VE1200II,东莞市利速数控机械有限公司,20181219145309515
1671478,115102,2.53087044,0.3117086,0.2487075,20.83333397,2/21/2019 00:01:36,塑料注射成型机9,利速,VE1200II,东莞市利速数控机械有限公司,20181219145309515
1678443,115102,0,0,0,23.92461967,2/22/2019 00:01:24,塑料注射成型机9,利速,VE1200II,东莞市利速数控机械有限公司,20181219145309515
1685409,115102,9.72776699,0.80816388,0.99460167,12.46946907,2/23/2019 00:01:35,塑料注射成型机9,利速,VE1200II,东莞市利速数控机械有限公司,20181219145309515
1692374,115102,19.33909988,1.57474172,1.90619028,1.1799686,2/24/2019 00:01:09,塑料注射成型机9,利速,VE1200II,东莞市利速数控机械有限公司,20181219145309515
1699339,115102,20.39219475,1.61610281,1.9891628,0,2/25/2019 00:01:01,塑料注射成型机9,利速,VE1200II,东莞市利速数控机械有限公司,20181219145309515
1706305,115102,20.39551163,1.59567392,1.98906553,0.01975056,2/26/2019 00:01:17,塑料注射成型机9,利速,VE1200II,东莞市利速数控机械有限公司,20181219145309515
1713269,115102,20.22371483,1.57476664,2.011163,0.190355,2/27/2019 00:01:02,塑料注射成型机9,利速,VE1200II,东莞市利速数控机械有限公司,20181219145309515
1720234,115102,20.37269592,1.59531081,2.01000714,0.01976083,2/28/2019 00:01:02,塑料注射成型机9,利速,VE1200II,东莞市利速数控机械有限公司,20181219145309515
,,,,,,,,,,,
,,,,,,,,,,,
1316425,115103,20.41534042,1.59555805,1.98910224,0,1/1/2019 00:01:01,塑料注射成型机10,科力源,TA1200,山东华宝焊接设备有限公司,20181219145309628
1323362,115103,20.39433289,1.61629808,1.98936772,0,1/2/2019 00:01:01,塑料注射成型机10,科力源,TA1200,山东华宝焊接设备有限公司,20181219145309628
1330299,115103,20.39434624,1.59568751,2.00996518,0,1/3/2019 00:01:02,塑料注射成型机10,科力源,TA1200,山东华宝焊接设备有限公司,20181219145309628
1337236,115103,20.39454651,1.59543633,2.01001668,0,1/4/2019 00:01:01,塑料注射成型机10,科力源,TA1200,山东华宝焊接设备有限公司,20181219145309628
1344173,115103,20.41283417,1.59566247,1.98912334,0,1/5/2019 00:01:01,塑料注射成型机10,科力源,TA1200,山东华宝焊接设备有限公司,20181219145309628
1351110,115103,20.41516685,1.59553361,1.98930061,0,1/6/2019 00:01:01,塑料注射成型机10,科力源,TA1200,山东华宝焊接设备有限公司,20181219145309628
1358047,115103,20.3943119,1.61633277,1.9893558,0,1/7/2019 00:01:01,塑料注射成型机10,科力源,TA1200,山东华宝焊接设备有限公司,20181219145309628
1364984,115103,20.51893425,1.5746305,2.00999522,0,1/8/2019 00:01:01,塑料注射成型机10,科力源,TA1200,山东华宝焊接设备有限公司,20181219145309628
1371921,115103,20.39385414,1.59555864,2.01000118,0,1/9/2019 00:01:01,塑料注射成型机10,科力源,TA1200,山东华宝焊接设备有限公司,20181219145309628
1378858,115103,20.38917542,1.61633468,1.989187,0,1/10/2019 00:01:01,塑料注射成型机10,科力源,TA1200,山东华宝焊接设备有限公司,20181219145309628
1385809,115103,20.39445496,1.59554303,2.01000118,0,1/11/2019 00:01:01,塑料注射成型机10,科力源,TA1200,山东华宝焊接设备有限公司,20181219145309628
1392778,115103,20.37386703,1.61623883,2.00989437,0,1/12/2019 00:01:01,塑料注射成型机10,科力源,TA1200,山东华宝焊接设备有限公司,20181219145309628
1399747,115103,20.39455986,1.59542584,2.01001406,0,1/13/2019 00:01:01,塑料注射成型机10,科力源,TA1200,山东华宝焊接设备有限公司,20181219145309628
1406716,115103,20.39151573,1.59577191,2.00990129,0,1/14/2019 00:01:02,塑料注射成型机10,科力源,TA1200,山东华宝焊接设备有限公司,20181219145309628
1413685,115103,20.41511726,1.57474864,2.0101335,0,1/15/2019 00:01:02,塑料注射成型机10,科力源,TA1200,山东华宝焊接设备有限公司,20181219145309628
1420654,115103,20.39468002,1.61623025,1.98908913,0,1/16/2019 00:01:01,塑料注射成型机10,科力源,TA1200,山东华宝焊接设备有限公司,20181219145309628
1427623,115103,20.39441872,1.59555578,2.01002574,0,1/17/2019 00:01:01,塑料注射成型机10,科力源,TA1200,山东华宝焊接设备有限公司,20181219145309628
1434592,115103,20.3944149,1.61636055,1.98922467,0,1/18/2019 00:01:01,塑料注射成型机10,科力源,TA1200,山东华宝焊接设备有限公司,20181219145309628
1441561,115103,20.39011955,1.59555447,2.01004314,0,1/19/2019 00:01:09,塑料注射成型机10,科力源,TA1200,山东华宝焊接设备有限公司,20181219145309628
1448530,115103,20.37493134,1.59532607,2.00999999,0.01974278,1/20/2019 00:01:09,塑料注射成型机10,科力源,TA1200,山东华宝焊接设备有限公司,20181219145309628
1455499,115103,20.39432907,1.61647189,1.98919857,0,1/21/2019 00:01:11,塑料注射成型机10,科力源,TA1200,山东华宝焊接设备有限公司,20181219145309628
1462468,115103,20.4149704,1.59557974,1.98944974,0,1/22/2019 00:01:13,塑料注射成型机10,科力源,TA1200,山东华宝焊接设备有限公司,20181219145309628
1469437,115103,20.39326286,1.59546244,2.00989199,0,1/23/2019 00:01:10,塑料注射成型机10,科力源,TA1200,山东华宝焊接设备有限公司,20181219145309628
1476406,115103,20.39441872,1.59556055,2.01002169,0,1/24/2019 00:01:08,塑料注射成型机10,科力源,TA1200,山东华宝焊接设备有限公司,20181219145309628
1483375,115103,20.41514206,1.59565747,1.98920083,0,1/25/2019 00:01:10,塑料注射成型机10,科力源,TA1200,山东华宝焊接设备有限公司,20181219145309628
1490344,115103,20.39441872,1.61624551,1.9893378,0,1/26/2019 00:01:12,塑料注射成型机10,科力源,TA1200,山东华宝焊接设备有限公司,20181219145309628
1497313,115103,20.41535378,1.59542978,1.98921609,0,1/27/2019 00:01:09,塑料注射成型机10,科力源,TA1200,山东华宝焊接设备有限公司,20181219145309628
1504282,115103,20.39157295,1.59557223,2.01000881,0,1/28/2019 00:01:12,塑料注射成型机10,科力源,TA1200,山东华宝焊接设备有限公司,20181219145309628
1511251,115103,20.41497803,1.59579504,1.98922718,0,1/29/2019 00:01:13,塑料注射成型机10,科力源,TA1200,山东华宝焊接设备有限公司,20181219145309628
1518220,115103,20.37379074,1.61603773,2.01017118,0,1/30/2019 00:01:09,塑料注射成型机10,科力源,TA1200,山东华宝焊接设备有限公司,20181219145309628
1525189,115103,20.3943882,1.61637473,1.98923635,0,1/31/2019 00:01:12,塑料注射成型机10,科力源,TA1200,山东华宝焊接设备有限公司,20181219145309628
1532158,115103,20.43479538,1.57598031,1.98922384,0,2/1/2019 00:01:08,塑料注射成型机10,科力源,TA1200,山东华宝焊接设备有限公司,20181219145309628
1539127,115103,20.39486504,1.61602283,1.9891125,0,2/2/2019 00:01:08,塑料注射成型机10,科力源,TA1200,山东华宝焊接设备有限公司,20181219145309628
1546096,115103,20.39432144,1.59556031,2.00979185,0,2/3/2019 00:01:12,塑料注射成型机10,科力源,TA1200,山东华宝焊接设备有限公司,20181219145309628
1553062,115103,20.43613243,1.57476449,1.98910189,0,2/4/2019 00:01:08,塑料注射成型机10,科力源,TA1200,山东华宝焊接设备有限公司,20181219145309628
1560028,115103,20.37400436,1.63693893,1.98905718,0,2/5/2019 00:01:10,塑料注射成型机10,科力源,TA1200,山东华宝焊接设备有限公司,20181219145309628
1566994,115103,20.3946476,1.5954653,2.00988746,0,2/6/2019 00:01:07,塑料注射成型机10,科力源,TA1200,山东华宝焊接设备有限公司,20181219145309628
1573960,115103,20.41196442,1.59567332,1.98906672,0,2/7/2019 00:01:08,塑料注射成型机10,科力源,TA1200,山东华宝焊接设备有限公司,20181219145309628
1580926,115103,20.39457512,1.59544945,2.00997519,0,2/8/2019 00:01:09,塑料注射成型机10,科力源,TA1200,山东华宝焊接设备有限公司,20181219145309628
1587892,115103,20.37396431,1.61626279,2.00977302,0,2/9/2019 00:01:09,塑料注射成型机10,科力源,TA1200,山东华宝焊接设备有限公司,20181219145309628
1594858,115103,20.41458702,1.57475364,2.00992727,0,2/10/2019 00:01:08,塑料注射成型机10,科力源,TA1200,山东华宝焊接设备有限公司,20181219145309628
1601824,115103,20.41534615,1.5955478,1.98910475,0,2/11/2019 00:01:08,塑料注射成型机10,科力源,TA1200,山东华宝焊接设备有限公司,20181219145309628
1608790,115103,20.37399483,1.6160264,2.00997758,0,2/12/2019 00:01:07,塑料注射成型机10,科力源,TA1200,山东华宝焊接设备有限公司,20181219145309628
1615756,115103,20.394804,1.59542561,2.00976896,0,2/13/2019 00:01:09,塑料注射成型机10,科力源,TA1200,山东华宝焊接设备有限公司,20181219145309628
1622722,115103,20.41157341,1.59521723,1.98919332,0,2/14/2019 00:01:12,塑料注射成型机10,科力源,TA1200,山东华宝焊接设备有限公司,20181219145309628
1629687,115103,20.39485931,1.59524918,2.00989103,0,2/15/2019 00:01:10,塑料注射成型机10,科力源,TA1200,山东华宝焊接设备有限公司,20181219145309628
1636652,115103,20.3947258,1.59546721,2.00980663,0,2/16/2019 00:01:13,塑料注射成型机10,科力源,TA1200,山东华宝焊接设备有限公司,20181219145309628
1643617,115103,20.41437531,1.59547246,1.98920143,0,2/17/2019 00:01:13,塑料注射成型机10,科力源,TA1200,山东华宝焊接设备有限公司,20181219145309628
1650582,115103,20.3946228,1.61626303,1.98911357,0,2/18/2019 00:01:21,塑料注射成型机10,科力源,TA1200,山东华宝焊接设备有限公司,20181219145309628
1657547,115103,20.27040482,1.55397749,2.1557548,0.01986278,2/19/2019 00:01:13,塑料注射成型机10,科力源,TA1200,山东华宝焊接设备有限公司,20181219145309628
1664512,115103,20.41519737,1.59569061,1.98911166,0,2/20/2019 00:11:25,塑料注射成型机10,科力源,TA1200,山东华宝焊接设备有限公司,20181219145309628
1671477,115103,2.53087044,0.3117086,0.2487075,20.83333397,2/21/2019 00:01:36,塑料注射成型机10,科力源,TA1200,山东华宝焊接设备有限公司,20181219145309628
1678442,115103,0,0,0,23.92461967,2/22/2019 00:01:24,塑料注射成型机10,科力源,TA1200,山东华宝焊接设备有限公司,20181219145309628
1685408,115103,9.72776699,0.80816388,0.99460167,12.46946907,2/23/2019 00:01:35,塑料注射成型机10,科力源,TA1200,山东华宝焊接设备有限公司,20181219145309628
1692373,115103,19.33909988,1.57474172,1.90619028,1.1799686,2/24/2019 00:01:09,塑料注射成型机10,科力源,TA1200,山东华宝焊接设备有限公司,20181219145309628
1699338,115103,20.39219475,1.61610281,1.98916245,0,2/25/2019 00:01:01,塑料注射成型机10,科力源,TA1200,山东华宝焊接设备有限公司,20181219145309628
1706304,115103,20.39551163,1.59567356,1.98906589,0.01975056,2/26/2019 00:01:17,塑料注射成型机10,科力源,TA1200,山东华宝焊接设备有限公司,20181219145309628
1713268,115103,20.24343872,1.59545469,1.9904747,0.17063223,2/27/2019 00:01:02,塑料注射成型机10,科力源,TA1200,山东华宝焊接设备有限公司,20181219145309628
1720233,115103,20.37269592,1.59531081,2.01000714,0.01976083,2/28/2019 00:01:02,塑料注射成型机10,科力源,TA1200,山东华宝焊接设备有限公司,20181219145309628
